date,year,quarter_quarterly,state_id,aor_quarter
1514764800000,2018,1,1,57.0
1514764800000,2018,1,2,56.2
1514764800000,2018,1,3,41.2
1514764800000,2018,1,4,53.2
1514764800000,2018,1,5,48.0
1514764800000,2018,1,6,78.4
1514764800000,2018,1,7,40.5
1514764800000,2018,1,8,35.2
1514764800000,2018,1,9,61.1
1514764800000,2018,1,10,73.5
1514764800000,2018,1,11,42.3
1514764800000,2018,1,12,55.3
1514764800000,2018,1,13,37.9
1514764800000,2018,1,14,59.9
1514764800000,2018,1,15,38.7
1514764800000,2018,1,16,73.5
1514764800000,2018,1,18,59.0
1522540800000,2018,2,1,59.1
1522540800000,2018,2,2,55.2
1522540800000,2018,2,3,40.9
1522540800000,2018,2,4,58.8
1522540800000,2018,2,5,57.2
1522540800000,2018,2,6,83.1
1522540800000,2018,2,7,44.9
1522540800000,2018,2,8,20.4
1522540800000,2018,2,9,54.8
1522540800000,2018,2,10,62.6
1522540800000,2018,2,11,51.3
1522540800000,2018,2,12,53.6
1522540800000,2018,2,13,34.7
1522540800000,2018,2,14,61.6
1522540800000,2018,2,15,49.6
1522540800000,2018,2,16,67.0
1522540800000,2018,2,18,59.8
1530403200000,2018,3,1,57.5
1530403200000,2018,3,2,59.9
1530403200000,2018,3,3,48.6
1530403200000,2018,3,4,61.5
1530403200000,2018,3,5,54.6
1530403200000,2018,3,6,79.0
1530403200000,2018,3,7,45.4
1530403200000,2018,3,8,29.7
1530403200000,2018,3,9,65.3
1530403200000,2018,3,10,71.2
1530403200000,2018,3,11,50.8
1530403200000,2018,3,12,60.1
1530403200000,2018,3,13,44.9
1530403200000,2018,3,14,65.5
1530403200000,2018,3,15,46.0
1530403200000,2018,3,16,71.4
1530403200000,2018,3,18,63.1
1538352000000,2018,4,1,61.3
1538352000000,2018,4,2,53.3
1538352000000,2018,4,3,45.9
1538352000000,2018,4,4,55.6
1538352000000,2018,4,5,57.0
1538352000000,2018,4,6,74.7
1538352000000,2018,4,7,45.5
1538352000000,2018,4,8,38.8
1538352000000,2018,4,9,67.5
1538352000000,2018,4,10,61.7
1538352000000,2018,4,11,51.2
1538352000000,2018,4,12,59.8
1538352000000,2018,4,13,42.0
1538352000000,2018,4,14,66.1
1538352000000,2018,4,15,50.7
1538352000000,2018,4,16,76.4
1538352000000,2018,4,18,61.4
1546300800000,2019,1,1,54.1
1546300800000,2019,1,2,58.8
1546300800000,2019,1,3,43.9
1546300800000,2019,1,4,50.6
1546300800000,2019,1,5,49.4
1546300800000,2019,1,6,79.9
1546300800000,2019,1,7,40.3
1546300800000,2019,1,8,31.9
1546300800000,2019,1,9,57.0
1546300800000,2019,1,10,74.4
1546300800000,2019,1,11,40.4
1546300800000,2019,1,12,54.4
1546300800000,2019,1,13,34.3
1546300800000,2019,1,14,57.7
1546300800000,2019,1,15,43.8
1546300800000,2019,1,16,63.1
1546300800000,2019,1,18,58.0
1554076800000,2019,2,1,
1554076800000,2019,2,2,
1554076800000,2019,2,3,
1554076800000,2019,2,4,
1554076800000,2019,2,5,
1554076800000,2019,2,6,
1554076800000,2019,2,7,
1554076800000,2019,2,8,
1554076800000,2019,2,9,
1554076800000,2019,2,10,
1554076800000,2019,2,11,
1554076800000,2019,2,12,
1554076800000,2019,2,13,
1554076800000,2019,2,14,
1554076800000,2019,2,15,
1554076800000,2019,2,16,
1554076800000,2019,2,18,
1561939200000,2019,3,1,
1561939200000,2019,3,2,
1561939200000,2019,3,3,
1561939200000,2019,3,4,
1561939200000,2019,3,5,
1561939200000,2019,3,6,
1561939200000,2019,3,7,
1561939200000,2019,3,8,
1561939200000,2019,3,9,
1561939200000,2019,3,10,
1561939200000,2019,3,11,
1561939200000,2019,3,12,
1561939200000,2019,3,13,
1561939200000,2019,3,14,
1561939200000,2019,3,15,
1561939200000,2019,3,16,
1561939200000,2019,3,18,
1569888000000,2019,4,1,
1569888000000,2019,4,2,
1569888000000,2019,4,3,
1569888000000,2019,4,4,
1569888000000,2019,4,5,
1569888000000,2019,4,6,
1569888000000,2019,4,7,
1569888000000,2019,4,8,
1569888000000,2019,4,9,
1569888000000,2019,4,10,
1569888000000,2019,4,11,
1569888000000,2019,4,12,
1569888000000,2019,4,13,
1569888000000,2019,4,14,
1569888000000,2019,4,15,
1569888000000,2019,4,16,
1569888000000,2019,4,18,
1577836800000,2020,1,1,39.5
1577836800000,2020,1,2,46.8
1577836800000,2020,1,3,37.4
1577836800000,2020,1,4,26.7
1577836800000,2020,1,5,31.9
1577836800000,2020,1,6,54.6
1577836800000,2020,1,7,31.5
1577836800000,2020,1,8,29.0
1577836800000,2020,1,9,37.2
1577836800000,2020,1,10,37.9
1577836800000,2020,1,11,31.7
1577836800000,2020,1,12,40.1
1577836800000,2020,1,13,33.0
1577836800000,2020,1,14,44.5
1577836800000,2020,1,15,43.1
1577836800000,2020,1,16,44.7
1577836800000,2020,1,18,41.5
1585699200000,2020,2,1,20.3
1585699200000,2020,2,2,7.1
1585699200000,2020,2,3,14.5
1585699200000,2020,2,4,9.9
1585699200000,2020,2,5,13.4
1585699200000,2020,2,6,7.0
1585699200000,2020,2,7,7.5
1585699200000,2020,2,8,9.7
1585699200000,2020,2,9,7.6
1585699200000,2020,2,10,10.5
1585699200000,2020,2,11,19.3
1585699200000,2020,2,12,18.3
1585699200000,2020,2,13,9.4
1585699200000,2020,2,14,11.0
1585699200000,2020,2,15,42.3
1585699200000,2020,2,16,40.5
1585699200000,2020,2,18,14.1
1593561600000,2020,3,1,38.8
1593561600000,2020,3,2,28.8
1593561600000,2020,3,3,51.3
1593561600000,2020,3,4,28.1
1593561600000,2020,3,5,37.1
1593561600000,2020,3,6,63.8
1593561600000,2020,3,7,40.0
1593561600000,2020,3,8,29.0
1593561600000,2020,3,9,29.9
1593561600000,2020,3,10,36.3
1593561600000,2020,3,11,27.9
1593561600000,2020,3,12,33.7
1593561600000,2020,3,13,55.8
1593561600000,2020,3,14,24.6
1593561600000,2020,3,15,49.4
1593561600000,2020,3,16,53.0
1593561600000,2020,3,18,39.2
1601510400000,2020,4,1,29.5
1601510400000,2020,4,2,21.7
1601510400000,2020,4,3,35.2
1601510400000,2020,4,4,15.3
1601510400000,2020,4,5,19.6
1601510400000,2020,4,6,37.3
1601510400000,2020,4,7,23.8
1601510400000,2020,4,8,22.3
1601510400000,2020,4,9,20.2
1601510400000,2020,4,10,12.4
1601510400000,2020,4,11,42.2
1601510400000,2020,4,12,28.5
1601510400000,2020,4,13,31.2
1601510400000,2020,4,14,20.4
1601510400000,2020,4,15,37.1
1601510400000,2020,4,16,24.4
1601510400000,2020,4,18,28.7
1609459200000,2021,1,1,18.2
1609459200000,2021,1,2,14.2
1609459200000,2021,1,3,23.9
1609459200000,2021,1,4,18.4
1609459200000,2021,1,5,17.3
1609459200000,2021,1,6,24.4
1609459200000,2021,1,7,19.1
1609459200000,2021,1,8,21.9
1609459200000,2021,1,9,15.8
1609459200000,2021,1,10,12.4
1609459200000,2021,1,11,48.1
1609459200000,2021,1,12,24.3
1609459200000,2021,1,13,24.8
1609459200000,2021,1,14,19.0
1609459200000,2021,1,15,33.7
1609459200000,2021,1,16,23.7
1609459200000,2021,1,18,23.8
1617235200000,2021,2,1,17.2
1617235200000,2021,2,2,10.8
1617235200000,2021,2,3,17.9
1617235200000,2021,2,4,13.7
1617235200000,2021,2,5,13.3
1617235200000,2021,2,6,20.7
1617235200000,2021,2,7,11.7
1617235200000,2021,2,8,12.7
1617235200000,2021,2,9,13.0
1617235200000,2021,2,10,12.5
1617235200000,2021,2,11,49.7
1617235200000,2021,2,12,27.0
1617235200000,2021,2,13,29.5
1617235200000,2021,2,14,15.8
1617235200000,2021,2,15,29.5
1617235200000,2021,2,16,25.2
1617235200000,2021,2,18,22.5
1625097600000,2021,3,1,15.5
1625097600000,2021,3,2,8.1
1625097600000,2021,3,3,36.3
1625097600000,2021,3,4,11.8
1625097600000,2021,3,5,12.8
1625097600000,2021,3,6,4.1
1625097600000,2021,3,7,11.5
1625097600000,2021,3,8,8.0
1625097600000,2021,3,9,6.9
1625097600000,2021,3,10,8.7
1625097600000,2021,3,11,50.9
1625097600000,2021,3,12,25.7
1625097600000,2021,3,13,44.0
1625097600000,2021,3,14,15.2
1625097600000,2021,3,15,20.9
1625097600000,2021,3,16,17.9
1625097600000,2021,3,18,19.2
1633046400000,2021,4,1,39.6
1633046400000,2021,4,2,47.6
1633046400000,2021,4,3,51.2
1633046400000,2021,4,4,41.9
1633046400000,2021,4,5,48.6
1633046400000,2021,4,6,30.7
1633046400000,2021,4,7,48.2
1633046400000,2021,4,8,45.3
1633046400000,2021,4,9,51.9
1633046400000,2021,4,10,38.8
1633046400000,2021,4,11,49.8
1633046400000,2021,4,12,42.5
1633046400000,2021,4,13,67.6
1633046400000,2021,4,14,37.4
1633046400000,2021,4,15,26.3
1633046400000,2021,4,16,44.9
1633046400000,2021,4,18,42.4
1640995200000,2022,1,1,35.3
1640995200000,2022,1,2,36.8
1640995200000,2022,1,3,45.5
1640995200000,2022,1,4,33.6
1640995200000,2022,1,5,31.4
1640995200000,2022,1,6,47.0
1640995200000,2022,1,7,40.2
1640995200000,2022,1,8,39.2
1640995200000,2022,1,9,37.5
1640995200000,2022,1,10,33.3
1640995200000,2022,1,11,43.5
1640995200000,2022,1,12,41.1
1640995200000,2022,1,13,58.6
1640995200000,2022,1,14,30.1
1640995200000,2022,1,15,38.9
1640995200000,2022,1,16,50.8
1640995200000,2022,1,18,39.8
1648771200000,2022,2,1,45.6
1648771200000,2022,2,2,40.4
1648771200000,2022,2,3,47.5
1648771200000,2022,2,4,38.8
1648771200000,2022,2,5,34.8
1648771200000,2022,2,6,69.3
1648771200000,2022,2,7,46.1
1648771200000,2022,2,8,34.9
1648771200000,2022,2,9,41.8
1648771200000,2022,2,10,37.0
1648771200000,2022,2,11,45.1
1648771200000,2022,2,12,43.4
1648771200000,2022,2,13,51.9
1648771200000,2022,2,14,45.3
1648771200000,2022,2,15,33.9
1648771200000,2022,2,16,41.1
1648771200000,2022,2,18,46.8
1656633600000,2022,3,1,49.3
1656633600000,2022,3,2,45.7
1656633600000,2022,3,3,48.0
1656633600000,2022,3,4,40.6
1656633600000,2022,3,5,35.9
1656633600000,2022,3,6,64.2
1656633600000,2022,3,7,50.3
1656633600000,2022,3,8,36.0
1656633600000,2022,3,9,51.1
1656633600000,2022,3,10,52.6
1656633600000,2022,3,11,50.9
1656633600000,2022,3,12,48.7
1656633600000,2022,3,13,57.3
1656633600000,2022,3,14,52.8
1656633600000,2022,3,15,38.3
1656633600000,2022,3,16,52.7
1656633600000,2022,3,18,51.7
1664582400000,2022,4,1,52.6
1664582400000,2022,4,2,47.7
1664582400000,2022,4,3,39.1
1664582400000,2022,4,4,46.6
1664582400000,2022,4,5,45.2
1664582400000,2022,4,6,66.8
1664582400000,2022,4,7,53.2
1664582400000,2022,4,8,44.8
1664582400000,2022,4,9,56.2
1664582400000,2022,4,10,46.2
1664582400000,2022,4,11,51.2
1664582400000,2022,4,12,49.2
1664582400000,2022,4,13,43.7
1664582400000,2022,4,14,61.9
1664582400000,2022,4,15,33.5
1664582400000,2022,4,16,58.3
1664582400000,2022,4,18,53.7
1672531200000,2023,1,1,45.9
1672531200000,2023,1,2,42.5
1672531200000,2023,1,3,43.3
1672531200000,2023,1,4,43.4
1672531200000,2023,1,5,37.3
1672531200000,2023,1,6,70.0
1672531200000,2023,1,7,43.4
1672531200000,2023,1,8,43.6
1672531200000,2023,1,9,47.0
1672531200000,2023,1,10,46.2
1672531200000,2023,1,11,41.6
1672531200000,2023,1,12,47.2
1672531200000,2023,1,13,44.9
1672531200000,2023,1,14,58.1
1672531200000,2023,1,15,30.9
1672531200000,2023,1,16,54.4
1672531200000,2023,1,18,50.1
1680307200000,2023,2,1,48.9
1680307200000,2023,2,2,40.5
1680307200000,2023,2,3,40.4
1680307200000,2023,2,4,39.7
1680307200000,2023,2,5,36.3
1680307200000,2023,2,6,75.8
1680307200000,2023,2,7,44.5
1680307200000,2023,2,8,36.8
1680307200000,2023,2,9,51.4
1680307200000,2023,2,10,46.5
1680307200000,2023,2,11,42.1
1680307200000,2023,2,12,46.9
1680307200000,2023,2,13,44.0
1680307200000,2023,2,14,56.4
1680307200000,2023,2,15,31.4
1680307200000,2023,2,16,53.6
1680307200000,2023,2,18,50.9
1688169600000,2023,3,1,53.3
1688169600000,2023,3,2,43.0
1688169600000,2023,3,3,41.9
1688169600000,2023,3,4,46.2
1688169600000,2023,3,5,44.6
1688169600000,2023,3,6,74.0
1688169600000,2023,3,7,47.8
1688169600000,2023,3,8,40.4
1688169600000,2023,3,9,54.2
1688169600000,2023,3,10,50.0
1688169600000,2023,3,11,47.5
1688169600000,2023,3,12,53.4
1688169600000,2023,3,13,41.3
1688169600000,2023,3,14,57.9
1688169600000,2023,3,15,36.4
1688169600000,2023,3,16,53.2
1688169600000,2023,3,18,53.6
1696118400000,2023,4,1,53.8
1696118400000,2023,4,2,47.5
1696118400000,2023,4,3,39.4
1696118400000,2023,4,4,49.0
1696118400000,2023,4,5,45.3
1696118400000,2023,4,6,76.6
1696118400000,2023,4,7,53.8
1696118400000,2023,4,8,47.9
1696118400000,2023,4,9,59.6
1696118400000,2023,4,10,51.8
1696118400000,2023,4,11,52.3
1696118400000,2023,4,12,51.6
1696118400000,2023,4,13,47.4
1696118400000,2023,4,14,62.9
1696118400000,2023,4,15,34.8
1696118400000,2023,4,16,58.7
1696118400000,2023,4,18,56.6
1704067200000,2024,1,1,46.6
1704067200000,2024,1,2,47.1
1704067200000,2024,1,3,45.2
1704067200000,2024,1,4,44.7
1704067200000,2024,1,5,39.3
1704067200000,2024,1,6,73.0
1704067200000,2024,1,7,46.4
1704067200000,2024,1,8,43.3
1704067200000,2024,1,9,53.2
1704067200000,2024,1,10,52.2
1704067200000,2024,1,11,42.7
1704067200000,2024,1,12,47.0
1704067200000,2024,1,13,41.3
1704067200000,2024,1,14,61.1
1704067200000,2024,1,15,32.2
1704067200000,2024,1,16,56.0
1704067200000,2024,1,18,52.6
1711929600000,2024,2,1,51.7
1711929600000,2024,2,2,42.5
1711929600000,2024,2,3,42.0
1711929600000,2024,2,4,40.8
1711929600000,2024,2,5,36.1
1711929600000,2024,2,6,76.3
1711929600000,2024,2,7,43.2
1711929600000,2024,2,8,38.4
1711929600000,2024,2,9,53.7
1711929600000,2024,2,10,47.9
1711929600000,2024,2,11,43.8
1711929600000,2024,2,12,48.3
1711929600000,2024,2,13,47.7
1711929600000,2024,2,14,59.6
1711929600000,2024,2,15,32.7
1711929600000,2024,2,16,54.7
1711929600000,2024,2,18,52.5
1719792000000,2024,3,1,56.3
1719792000000,2024,3,2,49.0
1719792000000,2024,3,3,48.4
1719792000000,2024,3,4,46.3
1719792000000,2024,3,5,48.1
1719792000000,2024,3,6,76.5
1719792000000,2024,3,7,48.1
1719792000000,2024,3,8,40.1
1719792000000,2024,3,9,59.5
1719792000000,2024,3,10,56.7
1719792000000,2024,3,11,54.9
1719792000000,2024,3,12,56.7
1719792000000,2024,3,13,53.2
1719792000000,2024,3,14,62.9
1719792000000,2024,3,15,40.1
1719792000000,2024,3,16,56.4
1719792000000,2024,3,18,58.1
1727740800000,2024,4,1,54.8
1727740800000,2024,4,2,47.8
1727740800000,2024,4,3,37.3
1727740800000,2024,4,4,49.7
1727740800000,2024,4,5,45.9
1727740800000,2024,4,6,76.5
1727740800000,2024,4,7,49.9
1727740800000,2024,4,8,42.2
1727740800000,2024,4,9,60.1
1727740800000,2024,4,10,49.1
1727740800000,2024,4,11,49.2
1727740800000,2024,4,12,54.2
1727740800000,2024,4,13,41.9
1727740800000,2024,4,14,67.0
1727740800000,2024,4,15,42.8
1727740800000,2024,4,16,59.3
1727740800000,2024,4,18,56.6
1735689600000,2025,1,1,48.0
1735689600000,2025,1,2,49.1
1735689600000,2025,1,3,38.3
1735689600000,2025,1,4,41.0
1735689600000,2025,1,5,38.3
1735689600000,2025,1,6,73.6
1735689600000,2025,1,7,38.7
1735689600000,2025,1,8,35.1
1735689600000,2025,1,9,53.6
1735689600000,2025,1,10,53.8
1735689600000,2025,1,11,40.7
1735689600000,2025,1,12,49.1
1735689600000,2025,1,13,36.7
1735689600000,2025,1,14,61.4
1735689600000,2025,1,15,36.3
1735689600000,2025,1,16,56.7
1735689600000,2025,1,18,52.3
1743465600000,2025,2,1,55.4
1743465600000,2025,2,2,50.4
1743465600000,2025,2,3,45.2
1743465600000,2025,2,4,44.3
1743465600000,2025,2,5,41.3
1743465600000,2025,2,6,76.8
1743465600000,2025,2,7,46.6
1743465600000,2025,2,8,47.4
1743465600000,2025,2,9,56.0
1743465600000,2025,2,10,50.2
1743465600000,2025,2,11,46.9
1743465600000,2025,2,12,52.6
1743465600000,2025,2,13,45.7
1743465600000,2025,2,14,65.8
1743465600000,2025,2,15,40.7
1743465600000,2025,2,16,55.4
1743465600000,2025,2,18,55.8
1751328000000,2025,3,1,57.38
1751328000000,2025,3,2,53.04
1751328000000,2025,3,3,49.96
1751328000000,2025,3,4,47.74
1751328000000,2025,3,5,48.97
1751328000000,2025,3,6,78.23
1751328000000,2025,3,7,50.76
1751328000000,2025,3,8,41.06
1751328000000,2025,3,9,62.58
1751328000000,2025,3,10,59.5
1751328000000,2025,3,11,53.15
1751328000000,2025,3,12,59.57
1751328000000,2025,3,13,55.85
1751328000000,2025,3,14,68.72
1751328000000,2025,3,15,40.97
1751328000000,2025,3,16,55.53
1751328000000,2025,3,18,60.46
1759276800000,2025,4,1,55.9
1759276800000,2025,4,2,51.1
1759276800000,2025,4,3,37.1
1759276800000,2025,4,4,50.6
1759276800000,2025,4,5,48.1
1759276800000,2025,4,6,76.6
1759276800000,2025,4,7,48.7
1759276800000,2025,4,8,42.5
1759276800000,2025,4,9,61.6
1759276800000,2025,4,10,53.0
1759276800000,2025,4,11,48.6
1759276800000,2025,4,12,58.6
1759276800000,2025,4,13,42.3
1759276800000,2025,4,14,71.5
1759276800000,2025,4,15,40.0
1759276800000,2025,4,16,56.4
1759276800000,2025,4,18,58.5
1767225600000,2026,1,1,45.2
1767225600000,2026,1,2,51.9
1767225600000,2026,1,3,33.8
1767225600000,2026,1,4,36.7
1767225600000,2026,1,5,39.0
1767225600000,2026,1,6,70.5
1767225600000,2026,1,7,43.0
1767225600000,2026,1,8,33.5
1767225600000,2026,1,9,55.5
1767225600000,2026,1,10,51.9
1767225600000,2026,1,11,39.0
1767225600000,2026,1,12,50.7
1767225600000,2026,1,13,34.4
1767225600000,2026,1,14,60.7
1767225600000,2026,1,15,30.9
1767225600000,2026,1,16,54.9
1767225600000,2026,1,18,51.5
