date,year,quarter_cumulative,state_id,domestic_hotel_guest,foreigner_hotel_guest,overall_hotel_guest
1514764800000,2018,1,1,1162252,555754,1718006
1514764800000,2018,1,2,676424,429794,1106218
1514764800000,2018,1,3,213828,13360,227188
1514764800000,2018,1,4,717519,352461,1069980
1514764800000,2018,1,5,398568,89187,487755
1514764800000,2018,1,6,2204834,685087,2889922
1514764800000,2018,1,7,658755,56926,715681
1514764800000,2018,1,8,39607,1566,41172
1514764800000,2018,1,9,722453,745296,1467749
1514764800000,2018,1,10,991835,696913,1688748
1514764800000,2018,1,11,934627,121740,1056367
1514764800000,2018,1,12,722116,378080,1100196
1514764800000,2018,1,13,406065,34670,440735
1514764800000,2018,1,14,1762662,2268754,4031416
1514764800000,2018,1,15,111040,26455,137495
1514764800000,2018,1,16,82219,42308,124527
1514764800000,2018,1,18,11804804,6498351,18303154
1514764800000,2018,1,19,9767302,5653242,15420544
1522540800000,2018,2,1,2391507,1022814,3414321
1522540800000,2018,2,2,1272112,654675,1926787
1522540800000,2018,2,3,529413,25826,555239
1522540800000,2018,2,4,1448476,725924,2174400
1522540800000,2018,2,5,955549,231460,1187009
1522540800000,2018,2,6,4210499,1277777,5488276
1522540800000,2018,2,7,1389884,151471,1541355
1522540800000,2018,2,8,68916,2983,71899
1522540800000,2018,2,9,1550308,1482945,3033253
1522540800000,2018,2,10,1926411,1288780,3215191
1522540800000,2018,2,11,2114042,271166,2385208
1522540800000,2018,2,12,1287244,751068,2038312
1522540800000,2018,2,13,761560,80556,842116
1522540800000,2018,2,14,3121601,4111372,7232973
1522540800000,2018,2,15,268597,51407,320004
1522540800000,2018,2,16,166118,90086,256204
1522540800000,2018,2,18,23462237,12220310,35682547
1522540800000,2018,2,19,19153187,10608957,29762144
1530403200000,2018,3,1,3345609,1754107,5099716
1530403200000,2018,3,2,1799796,1190501,2990297
1530403200000,2018,3,3,788116,42552,830668
1530403200000,2018,3,4,2129857,1160789,3290646
1530403200000,2018,3,5,1417087,375844,1792931
1530403200000,2018,3,6,5982004,2128189,8110193
1530403200000,2018,3,7,1853424,219611,2073035
1530403200000,2018,3,8,116898,5440,122338
1530403200000,2018,3,9,2439934,2318089,4758023
1530403200000,2018,3,10,3080552,2159195,5239747
1530403200000,2018,3,11,3052276,410061,3462337
1530403200000,2018,3,12,1890940,1166938,3057878
1530403200000,2018,3,13,1218902,167493,1386395
1530403200000,2018,3,14,5488398,7589181,13077579
1530403200000,2018,3,15,307766,56549,364315
1530403200000,2018,3,16,237728,133323,371051
1530403200000,2018,3,18,35149287,20877862,56027149
1530403200000,2018,3,19,28708693,18252057,46960750
1538352000000,2018,5,1,5002635,2615254,7617889
1538352000000,2018,5,2,2661145,1589344,4250490
1538352000000,2018,5,3,1169007,54075,1223082
1538352000000,2018,5,4,3359290,1555103,4914393
1538352000000,2018,5,5,2005116,459279,2464395
1538352000000,2018,5,6,8956297,2686594,11642891
1538352000000,2018,5,7,2613616,291253,2904869
1538352000000,2018,5,8,177376,5910,183285
1538352000000,2018,5,9,3639990,3016491,6656481
1538352000000,2018,5,10,4278378,3108364,7386742
1538352000000,2018,5,11,4398257,560511,4958768
1538352000000,2018,5,12,3631221,1998361,5629583
1538352000000,2018,5,13,1712595,179556,1892151
1538352000000,2018,5,14,8020019,11602079,19622098
1538352000000,2018,5,15,443745,89643,533388
1538352000000,2018,5,16,350112,188740,538852
1538352000000,2018,5,18,52418799,30000557,82419356
1538352000000,2018,5,19,43298419,26242039,69540458
1546300800000,2019,1,1,1236552,542310,1778862
1546300800000,2019,1,2,702950,404991,1107941
1546300800000,2019,1,3,217879,11642,229521
1546300800000,2019,1,4,726506,332909,1059415
1546300800000,2019,1,5,432646,87367,520013
1546300800000,2019,1,6,2284993,687289,2972282
1546300800000,2019,1,7,666961,56072,723033
1546300800000,2019,1,8,38018,1393,39411
1546300800000,2019,1,9,695719,687572,1383291
1546300800000,2019,1,10,1008713,706563,1715276
1546300800000,2019,1,11,892516,110646,1003162
1546300800000,2019,1,12,833517,374195,1207712
1546300800000,2019,1,13,379918,32409,412327
1546300800000,2019,1,14,1801032,2124080,3925112
1546300800000,2019,1,15,112991,25686,138677
1546300800000,2019,1,16,80289,40032,120321
1546300800000,2019,1,18,12111200,6225156,18336356
1546300800000,2019,1,19,10096980,5382261,15479241
1554076800000,2019,2,1,2350087,1008891,3358978
1554076800000,2019,2,2,1285141,642947,1928088
1554076800000,2019,2,3,516026,24909,540935
1554076800000,2019,2,4,1363718,683262,2046980
1554076800000,2019,2,5,940316,232361,1172677
1554076800000,2019,2,6,4088278,1297158,5385437
1554076800000,2019,2,7,1313100,147876,1460976
1554076800000,2019,2,8,69353,2875,72229
1554076800000,2019,2,9,1468064,1452096,2920160
1554076800000,2019,2,10,1945185,1334022,3279208
1554076800000,2019,2,11,2055107,247015,2302121
1554076800000,2019,2,12,1265551,717940,1983491
1554076800000,2019,2,13,758471,79164,837635
1554076800000,2019,2,14,3103231,4112464,7215694
1554076800000,2019,2,15,257628,48374,306001
1554076800000,2019,2,16,158426,85653,244079
1554076800000,2019,2,18,22937681,12117007,35054688
1554076800000,2019,2,19,18679761,10487597,29167358
1561939200000,2019,3,1,3283696,1731883,5015579
1561939200000,2019,3,2,1734966,1158453,2893419
1561939200000,2019,3,3,791671,39380,831051
1561939200000,2019,3,4,2060516,1112265,3172781
1561939200000,2019,3,5,1418331,365845,1784176
1561939200000,2019,3,6,5859633,2241279,8100912
1561939200000,2019,3,7,1732791,209443,1942234
1561939200000,2019,3,8,118748,4993,123741
1561939200000,2019,3,9,2362571,2278943,4641514
1561939200000,2019,3,10,3094361,2264068,5358429
1561939200000,2019,3,11,2985685,408471,3394156
1561939200000,2019,3,12,1873175,1133905,3007080
1561939200000,2019,3,13,1230903,161771,1392674
1561939200000,2019,3,14,5205761,7387197,12592958
1561939200000,2019,3,15,304185,55399,359585
1561939200000,2019,3,16,219012,127551,346563
1561939200000,2019,3,18,34276005,20680846,54956851
1561939200000,2019,3,19,27891774,17952908,45844681
1569888000000,2019,5,1,5020019,2548685,7568704
1569888000000,2019,5,2,2663052,1583215,4246267
1569888000000,2019,5,3,1050577,49211,1099788
1569888000000,2019,5,4,3252525,1465372,4717897
1569888000000,2019,5,5,1928835,459539,2388374
1569888000000,2019,5,6,8877064,2754449,11631513
1569888000000,2019,5,7,2623351,293256,2916607
1569888000000,2019,5,8,179724,5700,185424
1569888000000,2019,5,9,3541246,2848750,6389996
1569888000000,2019,5,10,4228391,3057376,7285767
1569888000000,2019,5,11,4306725,539599,4846324
1569888000000,2019,5,12,3548963,1866153,5415116
1569888000000,2019,5,13,1738426,179324,1917750
1569888000000,2019,5,14,7397154,10931619,18328773
1569888000000,2019,5,15,430038,75447,505485
1569888000000,2019,5,16,306920,178498,485418
1569888000000,2019,5,18,51093010,28836193,79929203
1569888000000,2019,5,19,42127856,25163771,67291627
1577836800000,2020,1,1,1230403,415194,1645597
1577836800000,2020,1,2,612420,371965,984385
1577836800000,2020,1,3,105268,3260,108528
1577836800000,2020,1,4,351321,179043,530364
1577836800000,2020,1,5,277099,60580,337679
1577836800000,2020,1,6,2012293,460927,2473220
1577836800000,2020,1,7,402904,52522,455426
1577836800000,2020,1,8,32961,870,33831
1577836800000,2020,1,9,637284,506044,1143328
1577836800000,2020,1,10,706566,457946,1164512
1577836800000,2020,1,11,760738,86320,847058
1577836800000,2020,1,12,633742,260822,894564
1577836800000,2020,1,13,288522,17127,305649
1577836800000,2020,1,14,1470622,1561885,3032507
1577836800000,2020,1,15,98258,14069,112327
1577836800000,2020,1,16,54070,16126,70196
1577836800000,2020,1,18,9674471,4464701,14139172
1577836800000,2020,1,19,8108909,3906365,12015274
1585699200000,2020,2,1,1612216,415762,2027978
1585699200000,2020,2,2,836600,372386,1208986
1585699200000,2020,2,3,144726,3552,148278
1585699200000,2020,2,4,476288,179694,655982
1585699200000,2020,2,5,355214,60955,416169
1585699200000,2020,2,6,2457238,464339,2921577
1585699200000,2020,2,7,488203,52702,540905
1585699200000,2020,2,8,42153,899,43052
1585699200000,2020,2,9,923487,511129,1434616
1585699200000,2020,2,10,802697,466244,1268941
1585699200000,2020,2,11,1075866,88055,1163921
1585699200000,2020,2,12,790483,275028,1065511
1585699200000,2020,2,13,405084,17411,422495
1585699200000,2020,2,14,1781201,1567845,3349046
1585699200000,2020,2,15,146236,17490,163726
1585699200000,2020,2,16,92375,16380,108755
1585699200000,2020,2,18,12430068,4509871,16939939
1585699200000,2020,2,19,10405269,3938082,14343351
1593561600000,2020,3,1,2410640,416625,2827265
1593561600000,2020,3,2,1570750,374191,1944941
1593561600000,2020,3,3,455905,4216,460121
1593561600000,2020,3,4,955651,180079,1135730
1593561600000,2020,3,5,810262,62062,872324
1593561600000,2020,3,6,4947016,498507,5445523
1593561600000,2020,3,7,821117,53501,874618
1593561600000,2020,3,8,81622,980,82602
1593561600000,2020,3,9,1666948,519390,2186338
1593561600000,2020,3,10,1155289,482746,1638035
1593561600000,2020,3,11,1826258,93963,1920221
1593561600000,2020,3,12,1283600,289285,1572885
1593561600000,2020,3,13,994382,18808,1013190
1593561600000,2020,3,14,3384538,1572097,4956635
1593561600000,2020,3,15,210216,20034,230250
1593561600000,2020,3,16,147996,20433,168429
1593561600000,2020,3,18,22722190,4606917,27329107
1593561600000,2020,3,19,19530427,4010174,23540601
1601510400000,2020,5,1,3472179,418237,3890416
1601510400000,2020,5,2,2118912,375582,2494494
1601510400000,2020,5,3,556340,4520,560860
1601510400000,2020,5,4,1262949,180422,1443371
1601510400000,2020,5,5,980525,66437,1046962
1601510400000,2020,5,6,6784431,517572,7302003
1601510400000,2020,5,7,1128553,55135,1183688
1601510400000,2020,5,8,126013,1113,127126
1601510400000,2020,5,9,2336054,526295,2862349
1601510400000,2020,5,10,1311390,486344,1797734
1601510400000,2020,5,11,2709100,100257,2809357
1601510400000,2020,5,12,1653005,322618,1975623
1601510400000,2020,5,13,1325099,19796,1344895
1601510400000,2020,5,14,4514383,1584088,6098471
1601510400000,2020,5,15,251661,21737,273398
1601510400000,2020,5,16,173400,20874,194274
1601510400000,2020,5,18,30703994,4701027,35405021
1601510400000,2020,5,19,26431843,4092689,30524532
1609459200000,2021,1,1,47888,1233,49121
1609459200000,2021,1,2,304820,925,305745
1609459200000,2021,1,3,35523,264,35787
1609459200000,2021,1,4,24386,167,24553
1609459200000,2021,1,5,101264,1406,102670
1609459200000,2021,1,6,623012,2388,625401
1609459200000,2021,1,7,202013,891,202904
1609459200000,2021,1,8,26500,49,26549
1609459200000,2021,1,9,72810,2176,74986
1609459200000,2021,1,10,36715,701,37412
1609459200000,2021,1,11,428640,2057,430697
1609459200000,2021,1,12,101424,7068,108492
1609459200000,2021,1,13,154620,920,155540
1609459200000,2021,1,14,30375,5202,35577
1609459200000,2021,1,15,15161,643,15804
1609459200000,2021,1,16,28008,196,28204
1609459200000,2021,1,18,2233159,26280,2259439
1609459200000,2021,1,19,1752643,22884,1775529
1617235200000,2021,2,1,539094,2013,541107
1617235200000,2021,2,2,478690,1031,479720
1617235200000,2021,2,3,61037,456,61493
1617235200000,2021,2,4,192104,654,192758
1617235200000,2021,2,5,156210,2654,158864
1617235200000,2021,2,6,1056576,3773,1060350
1617235200000,2021,2,7,300420,1186,301606
1617235200000,2021,2,8,44978,74,45051
1617235200000,2021,2,9,370700,4816,375516
1617235200000,2021,2,10,160516,1089,161604
1617235200000,2021,2,11,988654,3440,992094
1617235200000,2021,2,12,320030,20200,340230
1617235200000,2021,2,13,268543,1071,269613
1617235200000,2021,2,14,339596,10861,350457
1617235200000,2021,2,15,64720,1039,65759
1617235200000,2021,2,16,54959,1041,56000
1617235200000,2021,2,18,5396826,55393,5452219
1617235200000,2021,2,19,4182936,49826,4232762
1625097600000,2021,3,1,797682,6167,803849
1625097600000,2021,3,2,553487,1280,554767
1625097600000,2021,3,3,180327,866,181193
1625097600000,2021,3,4,247578,6864,254442
1625097600000,2021,3,5,224428,3924,228352
1625097600000,2021,3,6,1134040,3905,1137945
1625097600000,2021,3,7,441460,1683,443143
1625097600000,2021,3,8,50304,77,50381
1625097600000,2021,3,9,437335,5994,443329
1625097600000,2021,3,10,305133,1403,306536
1625097600000,2021,3,11,1872971,5382,1878353
1625097600000,2021,3,12,689056,36113,725169
1625097600000,2021,3,13,573976,1282,575258
1625097600000,2021,3,14,708395,22724,731119
1625097600000,2021,3,15,96042,1158,97200
1625097600000,2021,3,16,76144,1168,77312
1625097600000,2021,3,18,8388358,99985,8488343
1625097600000,2021,3,19,6114212,92043,6206255
1633046400000,2021,5,1,1943093,10180,1953273
1633046400000,2021,5,2,1545860,7890,1553750
1633046400000,2021,5,3,473601,1790,475391
1633046400000,2021,5,4,906686,10445,917131
1633046400000,2021,5,5,638649,8511,647160
1633046400000,2021,5,6,1911852,7631,1919483
1633046400000,2021,5,7,1270301,4554,1274855
1633046400000,2021,5,8,99366,88,99454
1633046400000,2021,5,9,1309198,11190,1320388
1633046400000,2021,5,10,1255960,3246,1259206
1633046400000,2021,5,11,3074724,9466,3084190
1633046400000,2021,5,12,1672198,66829,1739027
1633046400000,2021,5,13,1222617,1677,1224294
1633046400000,2021,5,14,2269693,41797,2311490
1633046400000,2021,5,15,146331,2003,148334
1633046400000,2021,5,16,131950,1443,133393
1633046400000,2021,5,18,19872079,188740,20060819
1633046400000,2021,5,19,15395064,174025,15569089
1640995200000,2022,1,1,928703,14127,942830
1640995200000,2022,1,2,539119,10012,549131
1640995200000,2022,1,3,223797,1300,225097
1640995200000,2022,1,4,506180,4916,511096
1640995200000,2022,1,5,231641,5730,237371
1640995200000,2022,1,6,1293345,5953,1299298
1640995200000,2022,1,7,684330,2810,687140
1640995200000,2022,1,8,55621,451,56072
1640995200000,2022,1,9,605618,13371,618989
1640995200000,2022,1,10,763724,2852,766576
1640995200000,2022,1,11,970337,8177,978514
1640995200000,2022,1,12,591364,62217,653581
1640995200000,2022,1,13,546383,1610,547993
1640995200000,2022,1,14,965970,39725,1005695
1640995200000,2022,1,15,53992,2600,56592
1640995200000,2022,1,16,57038,656,57694
1640995200000,2022,1,18,9017162,176507,9193669
1640995200000,2022,1,19,7229109,162878,7391987
1648771200000,2022,2,1,2541676,495923,3037599
1648771200000,2022,2,2,1419745,104372,1524117
1648771200000,2022,2,3,590866,8790,599656
1648771200000,2022,2,4,1374637,143078,1517715
1648771200000,2022,2,5,724710,26274,750984
1648771200000,2022,2,6,3773668,478393,4252061
1648771200000,2022,2,7,1823665,77929,1901594
1648771200000,2022,2,8,117456,1712,119168
1648771200000,2022,2,9,1767731,234725,2002456
1648771200000,2022,2,10,2105942,103877,2209819
1648771200000,2022,2,11,2545002,91053,2636055
1648771200000,2022,2,12,2012447,463033,2475480
1648771200000,2022,2,13,1274666,16471,1291137
1648771200000,2022,2,14,3239005,923683,4162688
1648771200000,2022,2,15,151105,11044,162149
1648771200000,2022,2,16,154534,15224,169758
1648771200000,2022,2,18,25616855,3195581,28812436
1648771200000,2022,2,19,20814806,2989607,23804413
1656633600000,2022,3,1,4162868,1158100,5320968
1656633600000,2022,3,2,2257274,340598,2597872
1656633600000,2022,3,3,955870,23998,979868
1656633600000,2022,3,4,2282416,303274,2585690
1656633600000,2022,3,5,1241951,47825,1289776
1656633600000,2022,3,6,5939090,1054011,6993101
1656633600000,2022,3,7,3094984,173619,3268603
1656633600000,2022,3,8,182997,3049,186046
1656633600000,2022,3,9,2982277,707048,3689325
1656633600000,2022,3,10,3520584,315260,3835844
1656633600000,2022,3,11,4214384,297381,4511765
1656633600000,2022,3,12,3566418,1009022,4575440
1656633600000,2022,3,13,2072155,67374,2139529
1656633600000,2022,3,14,5645988,2337308,7983296
1656633600000,2022,3,15,260958,20596,281554
1656633600000,2022,3,16,280887,32453,313340
1656633600000,2022,3,18,42661101,7890916,50552017
1656633600000,2022,3,19,34665175,7257679,41922854
1664582400000,2022,5,1,5730117,2039675,7769792
1664582400000,2022,5,2,3214369,589439,3803808
1664582400000,2022,5,3,1267208,36969,1304177
1664582400000,2022,5,4,3275627,536249,3811876
1664582400000,2022,5,5,1887811,89048,1976859
1664582400000,2022,5,6,8329953,1689554,10019507
1664582400000,2022,5,7,4387020,333306,4720326
1664582400000,2022,5,8,264470,4709,269179
1664582400000,2022,5,9,4327806,1256628,5584434
1664582400000,2022,5,10,4731974,677103,5409077
1664582400000,2022,5,11,5676138,618251,6294389
1664582400000,2022,5,12,5170158,1572497,6742655
1664582400000,2022,5,13,2701850,86846,2788696
1664582400000,2022,5,14,8330471,4281244,12611715
1664582400000,2022,5,15,354819,31025,385844
1664582400000,2022,5,16,398834,56610,455444
1664582400000,2022,5,18,60048624,13899153,73947777
1664582400000,2022,5,19,49285693,12572774,61858467
1672531200000,2023,1,1,1686541,475689,2162230
1672531200000,2023,1,2,687424,332299,1019723
1672531200000,2023,1,3,344696,14361,359057
1672531200000,2023,1,4,863000,324965,1187965
1672531200000,2023,1,5,509964,56661,566625
1672531200000,2023,1,6,2620635,645354,3265989
1672531200000,2023,1,7,1053223,130171,1183394
1672531200000,2023,1,8,79377,1619,80996
1672531200000,2023,1,9,1162653,408498,1571151
1672531200000,2023,1,10,1114466,500701,1615167
1672531200000,2023,1,11,1248604,237828,1486432
1672531200000,2023,1,12,1505986,560848,2066834
1672531200000,2023,1,13,646793,26948,673741
1672531200000,2023,1,14,2615280,1817398,4432678
1672531200000,2023,1,15,85738,10596,96334
1672531200000,2023,1,16,120234,28203,148437
1672531200000,2023,1,18,16344614,5572139,21916753
1672531200000,2023,1,19,13895806,4823014,18718820
1680307200000,2023,2,1,3039457,1415851,4455308
1680307200000,2023,2,2,1357094,662136,2019230
1680307200000,2023,2,3,662957,31112,694069
1680307200000,2023,2,4,1564201,728503,2292704
1680307200000,2023,2,5,975928,142134,1118061
1680307200000,2023,2,6,5195722,1503716,6699438
1680307200000,2023,2,7,2093246,276486,2369732
1680307200000,2023,2,8,146034,3328,149362
1680307200000,2023,2,9,2170912,1109152,3280064
1680307200000,2023,2,10,2080426,1044054,3124480
1680307200000,2023,2,11,2465423,521402,2986825
1680307200000,2023,2,12,2915415,1128827,4044241
1680307200000,2023,2,13,1267573,59621,1327194
1680307200000,2023,2,14,4616772,4074400,8691172
1680307200000,2023,2,15,169927,24301,194229
1680307200000,2023,2,16,227049,56597,283646
1680307200000,2023,2,18,30948135,12781619,43729753
1680307200000,2023,2,19,26232360,11191863,37424223
1688169600000,2023,3,1,4507947,2479241,6987188
1688169600000,2023,3,2,2005229,1076517,3081746
1688169600000,2023,3,3,1015435,47246,1062681
1688169600000,2023,3,4,2449440,1107891,3557331
1688169600000,2023,3,5,1537795,233993,1771788
1688169600000,2023,3,6,7714853,2299231,10014084
1688169600000,2023,3,7,3252338,420908,3673246
1688169600000,2023,3,8,224924,4919,229843
1688169600000,2023,3,9,3319501,1852401,5171902
1688169600000,2023,3,10,3100855,1742683,4843538
1688169600000,2023,3,11,3855348,847434,4702782
1688169600000,2023,3,12,4460983,1987874,6448857
1688169600000,2023,3,13,1769708,170642,1940350
1688169600000,2023,3,14,6866963,6345597,13212560
1688169600000,2023,3,15,497337,61599,558936
1688169600000,2023,3,16,354595,102047,456642
1688169600000,2023,3,18,46933251,20780223,67713474
1688169600000,2023,3,19,39479711,18128507,57608219
1696118400000,2023,5,1,6055964,3531649,9587613
1696118400000,2023,5,2,2761947,1561751,4323697
1696118400000,2023,5,3,1343953,59273,1403226
1696118400000,2023,5,4,3363245,1538630,4901875
1696118400000,2023,5,5,2097075,340372,2437448
1696118400000,2023,5,6,9551216,2823860,12375076
1696118400000,2023,5,7,4274117,867665,5141782
1696118400000,2023,5,8,317353,6730,324083
1696118400000,2023,5,9,4795567,2476959,7272526
1696118400000,2023,5,10,4489761,2221221,6710982
1696118400000,2023,5,11,5402584,1218196,6620780
1696118400000,2023,5,12,5985054,2787168,8772223
1696118400000,2023,5,13,2378908,206327,2585235
1696118400000,2023,5,14,9712689,8701780,18414469
1696118400000,2023,5,15,367584,51615,419199
1696118400000,2023,5,16,508102,151626,659728
1696118400000,2023,5,18,63405118,28544824,91949942
1696118400000,2023,5,19,53145189,25053792,78198981
1704067200000,2024,1,1,1683612,548803,2232415
1704067200000,2024,1,2,663257,601410,1264667
1704067200000,2024,1,3,357020,18020,375040
1704067200000,2024,1,4,862001,347141,1209142
1704067200000,2024,1,5,454954,116026,570980
1704067200000,2024,1,6,2239769,594058,2833827
1704067200000,2024,1,7,1030351,220423,1250774
1704067200000,2024,1,8,82466,3105,85571
1704067200000,2024,1,9,1149860,753712,1903572
1704067200000,2024,1,10,916902,803456,1720358
1704067200000,2024,1,11,1248765,316976,1565741
1704067200000,2024,1,12,1369054,861907,2230961
1704067200000,2024,1,13,544285,71293,615578
1704067200000,2024,1,14,2321780,2814798,5136578
1704067200000,2024,1,15,85989,13771,99760
1704067200000,2024,1,16,122539,68974,191513
1704067200000,2024,1,18,15132604,8153873,23286477
1704067200000,2024,1,19,12880948,7019670,19900618
1711929600000,2024,2,1,3424428,980226,4889252
1711929600000,2024,2,2,1357268,1032464,2389732
1711929600000,2024,2,3,713721,30238,743959
1711929600000,2024,2,4,1690284,647238,2390783
1711929600000,2024,2,5,894415,38902,1110125
1711929600000,2024,2,6,4361819,1380081,5741900
1711929600000,2024,2,7,2047048,397048,2444096
1711929600000,2024,2,8,157634,5034,162668
1711929600000,2024,2,9,2216615,1610866,3827481
1711929600000,2024,2,10,1839205,1519905,3359110
1711929600000,2024,2,11,2592610,599673,3192283
1711929600000,2024,2,12,2770787,1654757,4425544
1711929600000,2024,2,13,1209781,140760,1350541
1711929600000,2024,2,14,4434812,5794475,10229287
1711929600000,2024,2,15,178966,23375,202341
1711929600000,2024,2,16,259812,119554,379366
1711929600000,2024,2,18,30149205,16689263,46838468
1711929600000,2024,2,19,25538424,14546310,40084734
1719792000000,2024,3,1,5408387,2252173,7660560
1719792000000,2024,3,2,2138239,1504632,3642871
1719792000000,2024,3,3,1115584,46884,1162468
1719792000000,2024,3,4,2584083,1093544,3677627
1719792000000,2024,3,5,1444417,344027,1788444
1719792000000,2024,3,6,7201363,2147008,9348371
1719792000000,2024,3,7,3202568,618174,3820742
1719792000000,2024,3,8,233493,6905,240398
1719792000000,2024,3,9,3561664,2430926,5992590
1719792000000,2024,3,10,2928672,2458701,5387373
1719792000000,2024,3,11,4193457,972983,5166440
1719792000000,2024,3,12,4355584,2611852,6967436
1719792000000,2024,3,13,1908527,238586,2147113
1719792000000,2024,3,14,6714775,9053669,15768444
1719792000000,2024,3,15,293602,36112,329714
1719792000000,2024,3,16,400358,170567,570925
1719792000000,2024,3,18,47684773,25986743,73671516
1719792000000,2024,3,19,40269042,22518947,62787989
1727740800000,2024,5,1,7082360,3221442,10303802
1727740800000,2024,5,2,2876480,1945168,4821648
1727740800000,2024,5,3,1398526,58670,1101868
1727740800000,2024,5,4,3481179,1539516,5020695
1727740800000,2024,5,5,2038374,450707,2489081
1727740800000,2024,5,6,9866683,2956196,12822879
1727740800000,2024,5,7,4232520,961492,5194012
1727740800000,2024,5,8,314877,8429,323306
1727740800000,2024,5,9,5064587,3179396,8243983
1727740800000,2024,5,10,4105912,2938211,7044123
1727740800000,2024,5,11,5782026,1245889,7027915
1727740800000,2024,5,12,6089647,3432226,9521873
1727740800000,2024,5,13,2439721,278526,1124477
1727740800000,2024,5,14,9781082,12129440,21910522
1727740800000,2024,5,15,399785,51978,451763
1727740800000,2024,5,16,555827,221593,777420
1727740800000,2024,5,18,65509586,34618879,100128465
1727740800000,2024,5,19,55221863,30382801,85604664
1735689600000,2025,1,1,1758096,634525,2392621
1735689600000,2025,1,2,680473,592185,1272658
1735689600000,2025,1,3,332844,13547,346391
1735689600000,2025,1,4,786669,410377,1197046
1735689600000,2025,1,5,477302,116958,594260
1735689600000,2025,1,6,2217306,637455,2854761
1735689600000,2025,1,7,990696,206409,1197105
1735689600000,2025,1,8,78654,2824,81478
1735689600000,2025,1,9,1182267,782784,1965051
1735689600000,2025,1,10,1004521,719894,1724415
1735689600000,2025,1,11,1184655,319233,1503888
1735689600000,2025,1,12,1404499,883903,2288402
1735689600000,2025,1,13,494592,72797,567389
1735689600000,2025,1,14,2345823,2931193,5277016
1735689600000,2025,1,15,97594,14828,112422
1735689600000,2025,1,16,133096,62351,195447
1735689600000,2025,1,18,15169087,8401263,23570350
1735689600000,2025,1,19,12882317,7347308,20229625
1743465600000,2025,2,1,3559758,1538716,5098474
1743465600000,2025,2,2,1489416,1075235,2564651
1743465600000,2025,2,3,708400,28056,736456
1743465600000,2025,2,4,1651925,792462,2444387
1743465600000,2025,2,5,959721,230950,1190671
1743465600000,2025,2,6,4394795,1426683,5821478
1743465600000,2025,2,7,2065675,406929,2472604
1743465600000,2025,2,8,161640,4747,166387
1743465600000,2025,2,9,2264757,1751854,4016611
1743465600000,2025,2,10,1986609,1444692,3431301
1743465600000,2025,2,11,2617306,610408,3227714
1743465600000,2025,2,12,2908425,1742920,4651345
1743465600000,2025,2,13,1156687,145188,1301875
1743465600000,2025,2,14,4915299,6035652,10950951
1743465600000,2025,2,15,204560,26713,231273
1743465600000,2025,2,16,272775,118544,391319
1743465600000,2025,2,18,31317748,17379749,48697497
1743465600000,2025,2,19,26509273,15297936,41807209
1751328000000,2025,3,1,5528366,2344173,7872539
1751328000000,2025,3,2,2279805,1588998,3868803
1751328000000,2025,3,3,1111896,45514,1157410
1751328000000,2025,3,4,2562586,1208448,3771034
1751328000000,2025,3,5,1519932,362049,1881981
1751328000000,2025,3,6,7259856,2220748,9480604
1751328000000,2025,3,7,3253780,637587,3891367
1751328000000,2025,3,8,240513,6547,247060
1751328000000,2025,3,9,3705550,2600165,6305715
1751328000000,2025,3,10,3125774,2406577,5532351
1751328000000,2025,3,11,4187645,963950,5151595
1751328000000,2025,3,12,4548968,2715193,7264161
1751328000000,2025,3,13,1881979,243604,2125583
1751328000000,2025,3,14,7245063,9598731,16843794
1751328000000,2025,3,15,322128,38372,360500
1751328000000,2025,3,16,409901,173714,583615
1751328000000,2025,3,18,49183742,27154370,76338112
1751328000000,2025,3,19,41548195,23745471,65293666
1759276800000,2025,5,1,7382730,3250524,10633254
1759276800000,2025,5,2,3121208,2109996,5231204
1759276800000,2025,5,3,1399111,59329,1458440
1759276800000,2025,5,4,3484720,1654330,5139050
1759276800000,2025,5,5,2154435,497085,2651520
1759276800000,2025,5,6,10011366,2953226,12964592
1759276800000,2025,5,7,4291891,944578,5236469
1759276800000,2025,5,8,324884,8334,333218
1759276800000,2025,5,9,5293653,3472459,8766112
1759276800000,2025,5,10,4445738,2900293,7346031
1759276800000,2025,5,11,5760526,1222481,6983007
1759276800000,2025,5,12,6296432,3614885,9911317
1759276800000,2025,5,13,2414955,276786,2691741
1759276800000,2025,5,14,10353924,13383492,23737416
1759276800000,2025,5,15,423944,55107,479051
1759276800000,2025,5,16,566830,222220,789050
1759276800000,2025,5,18,67726347,36625125,104351472
1759276800000,2025,5,19,57096139,32447244,89543383
1767225600000,2026,1,1,1671116,619148,2290264
1767225600000,2026,1,2,663448,655094,1318542
1767225600000,2026,1,3,322083,13271,335354
1767225600000,2026,1,4,796162,412121,1208283
1767225600000,2026,1,5,509812,121795,631607
1767225600000,2026,1,6,2106030,649698,2755728
1767225600000,2026,1,7,1052266,243130,1295396
1767225600000,2026,1,8,79844,2055,81899
1767225600000,2026,1,9,1205594,967742,2173336
1767225600000,2026,1,10,1033898,689242,1723140
1767225600000,2026,1,11,1168961,259166,1428127
1767225600000,2026,1,12,1427371,1051718,2479089
1767225600000,2026,1,13,479266,75676,554942
1767225600000,2026,1,14,2267764,3006280,5274044
1767225600000,2026,1,15,80551,21053,101604
1767225600000,2026,1,16,149806,43476,193282
1767225600000,2026,1,18,15013972,8830665,23844637
1767225600000,2026,1,19,12730562,7861204,20591766
