date,year,quarter_cumulative,state_id,aor_cumulative
1514764800000,2018,1,1,57.0
1514764800000,2018,1,2,56.2
1514764800000,2018,1,3,41.2
1514764800000,2018,1,4,53.2
1514764800000,2018,1,5,48.0
1514764800000,2018,1,6,78.4
1514764800000,2018,1,7,40.5
1514764800000,2018,1,8,35.2
1514764800000,2018,1,9,61.1
1514764800000,2018,1,10,73.5
1514764800000,2018,1,11,42.3
1514764800000,2018,1,12,55.3
1514764800000,2018,1,13,37.9
1514764800000,2018,1,14,59.9
1514764800000,2018,1,15,38.7
1514764800000,2018,1,16,73.5
1514764800000,2018,1,18,59.0
1522540800000,2018,2,1,58.1
1522540800000,2018,2,2,55.7
1522540800000,2018,2,3,41.0
1522540800000,2018,2,4,56.0
1522540800000,2018,2,5,52.6
1522540800000,2018,2,6,80.7
1522540800000,2018,2,7,42.7
1522540800000,2018,2,8,27.8
1522540800000,2018,2,9,57.9
1522540800000,2018,2,10,68.1
1522540800000,2018,2,11,46.8
1522540800000,2018,2,12,54.5
1522540800000,2018,2,13,36.3
1522540800000,2018,2,14,60.7
1522540800000,2018,2,15,44.2
1522540800000,2018,2,16,70.3
1522540800000,2018,2,18,59.4
1530403200000,2018,3,1,57.9
1530403200000,2018,3,2,57.1
1530403200000,2018,3,3,43.5
1530403200000,2018,3,4,57.8
1530403200000,2018,3,5,53.3
1530403200000,2018,3,6,80.2
1530403200000,2018,3,7,43.6
1530403200000,2018,3,8,28.4
1530403200000,2018,3,9,60.4
1530403200000,2018,3,10,69.1
1530403200000,2018,3,11,48.1
1530403200000,2018,3,12,56.4
1530403200000,2018,3,13,39.1
1530403200000,2018,3,14,62.3
1530403200000,2018,3,15,44.8
1530403200000,2018,3,16,70.7
1530403200000,2018,3,18,60.6
1538352000000,2018,5,1,58.7
1538352000000,2018,5,2,56.1
1538352000000,2018,5,3,44.1
1538352000000,2018,5,4,57.3
1538352000000,2018,5,5,54.2
1538352000000,2018,5,6,78.8
1538352000000,2018,5,7,44.1
1538352000000,2018,5,8,31.0
1538352000000,2018,5,9,62.2
1538352000000,2018,5,10,67.2
1538352000000,2018,5,11,48.9
1538352000000,2018,5,12,57.2
1538352000000,2018,5,13,39.9
1538352000000,2018,5,14,63.3
1538352000000,2018,5,15,46.2
1538352000000,2018,5,16,72.1
1538352000000,2018,5,18,60.8
1546300800000,2019,1,1,54.1
1546300800000,2019,1,2,58.8
1546300800000,2019,1,3,43.9
1546300800000,2019,1,4,50.6
1546300800000,2019,1,5,49.4
1546300800000,2019,1,6,79.9
1546300800000,2019,1,7,40.3
1546300800000,2019,1,8,31.9
1546300800000,2019,1,9,57.0
1546300800000,2019,1,10,74.4
1546300800000,2019,1,11,40.4
1546300800000,2019,1,12,54.4
1546300800000,2019,1,13,34.3
1546300800000,2019,1,14,57.7
1546300800000,2019,1,15,43.8
1546300800000,2019,1,16,63.1
1546300800000,2019,1,18,58.0
1554076800000,2019,2,1,56.3
1554076800000,2019,2,2,53.6
1554076800000,2019,2,3,43.0
1554076800000,2019,2,4,50.7
1554076800000,2019,2,5,51.5
1554076800000,2019,2,6,78.5
1554076800000,2019,2,7,39.9
1554076800000,2019,2,8,33.2
1554076800000,2019,2,9,54.6
1554076800000,2019,2,10,67.4
1554076800000,2019,2,11,40.5
1554076800000,2019,2,12,53.1
1554076800000,2019,2,13,36.4
1554076800000,2019,2,14,56.6
1554076800000,2019,2,15,41.5
1554076800000,2019,2,16,61.4
1554076800000,2019,2,18,56.6
1561939200000,2019,3,1,56.5
1561939200000,2019,3,2,56.4
1561939200000,2019,3,3,44.1
1561939200000,2019,3,4,51.9
1561939200000,2019,3,5,50.7
1561939200000,2019,3,6,79.0
1561939200000,2019,3,7,41.9
1561939200000,2019,3,8,32.9
1561939200000,2019,3,9,56.1
1561939200000,2019,3,10,67.7
1561939200000,2019,3,11,44.6
1561939200000,2019,3,12,54.9
1561939200000,2019,3,13,40.2
1561939200000,2019,3,14,60.6
1561939200000,2019,3,15,40.6
1561939200000,2019,3,16,63.2
1561939200000,2019,3,18,58.5
1569888000000,2019,5,1,57.3
1569888000000,2019,5,2,55.7
1569888000000,2019,5,3,43.4
1569888000000,2019,5,4,51.7
1569888000000,2019,5,5,51.9
1569888000000,2019,5,6,79.4
1569888000000,2019,5,7,43.9
1569888000000,2019,5,8,36.0
1569888000000,2019,5,9,56.5
1569888000000,2019,5,10,65.8
1569888000000,2019,5,11,46.1
1569888000000,2019,5,12,56.4
1569888000000,2019,5,13,41.3
1569888000000,2019,5,14,59.9
1569888000000,2019,5,15,42.2
1569888000000,2019,5,16,64.2
1569888000000,2019,5,18,58.8
1577836800000,2020,1,1,39.5
1577836800000,2020,1,2,46.8
1577836800000,2020,1,3,37.4
1577836800000,2020,1,4,26.7
1577836800000,2020,1,5,31.9
1577836800000,2020,1,6,54.6
1577836800000,2020,1,7,31.5
1577836800000,2020,1,8,29.0
1577836800000,2020,1,9,37.2
1577836800000,2020,1,10,37.9
1577836800000,2020,1,11,31.7
1577836800000,2020,1,12,40.1
1577836800000,2020,1,13,33.0
1577836800000,2020,1,14,44.5
1577836800000,2020,1,15,43.1
1577836800000,2020,1,16,44.7
1577836800000,2020,1,18,41.5
1585699200000,2020,2,1,29.9
1585699200000,2020,2,2,27.0
1585699200000,2020,2,3,26.0
1585699200000,2020,2,4,18.3
1585699200000,2020,2,5,22.6
1585699200000,2020,2,6,30.8
1585699200000,2020,2,7,19.5
1585699200000,2020,2,8,19.4
1585699200000,2020,2,9,22.4
1585699200000,2020,2,10,24.2
1585699200000,2020,2,11,25.5
1585699200000,2020,2,12,29.2
1585699200000,2020,2,13,21.2
1585699200000,2020,2,14,27.8
1585699200000,2020,2,15,42.7
1585699200000,2020,2,16,42.6
1585699200000,2020,2,18,27.8
1593561600000,2020,3,1,32.9
1593561600000,2020,3,2,27.6
1593561600000,2020,3,3,34.4
1593561600000,2020,3,4,21.6
1593561600000,2020,3,5,27.5
1593561600000,2020,3,6,41.8
1593561600000,2020,3,7,26.4
1593561600000,2020,3,8,22.6
1593561600000,2020,3,9,24.9
1593561600000,2020,3,10,28.2
1593561600000,2020,3,11,26.3
1593561600000,2020,3,12,30.7
1593561600000,2020,3,13,32.7
1593561600000,2020,3,14,26.7
1593561600000,2020,3,15,44.9
1593561600000,2020,3,16,46.0
1593561600000,2020,3,18,31.6
1601510400000,2020,5,1,32.0
1601510400000,2020,5,2,26.1
1601510400000,2020,5,3,34.6
1601510400000,2020,5,4,20.0
1601510400000,2020,5,5,25.5
1601510400000,2020,5,6,40.7
1601510400000,2020,5,7,25.8
1601510400000,2020,5,8,22.5
1601510400000,2020,5,9,23.7
1601510400000,2020,5,10,24.3
1601510400000,2020,5,11,30.3
1601510400000,2020,5,12,30.2
1601510400000,2020,5,13,32.4
1601510400000,2020,5,14,25.1
1601510400000,2020,5,15,43.0
1601510400000,2020,5,16,40.6
1601510400000,2020,5,18,30.9
1609459200000,2021,1,1,18.2
1609459200000,2021,1,2,14.2
1609459200000,2021,1,3,23.9
1609459200000,2021,1,4,18.4
1609459200000,2021,1,5,17.3
1609459200000,2021,1,6,24.4
1609459200000,2021,1,7,19.1
1609459200000,2021,1,8,21.9
1609459200000,2021,1,9,15.8
1609459200000,2021,1,10,12.4
1609459200000,2021,1,11,48.1
1609459200000,2021,1,12,24.3
1609459200000,2021,1,13,24.8
1609459200000,2021,1,14,19.0
1609459200000,2021,1,15,33.7
1609459200000,2021,1,16,23.7
1609459200000,2021,1,18,23.8
1617235200000,2021,2,1,17.8
1617235200000,2021,2,2,13.5
1617235200000,2021,2,3,21.3
1617235200000,2021,2,4,15.9
1617235200000,2021,2,5,15.6
1617235200000,2021,2,6,23.1
1617235200000,2021,2,7,16.3
1617235200000,2021,2,8,15.6
1617235200000,2021,2,9,14.4
1617235200000,2021,2,10,12.4
1617235200000,2021,2,11,48.9
1617235200000,2021,2,12,25.8
1617235200000,2021,2,13,27.6
1617235200000,2021,2,14,17.6
1617235200000,2021,2,15,31.8
1617235200000,2021,2,16,24.6
1617235200000,2021,2,18,23.2
1625097600000,2021,3,1,16.9
1625097600000,2021,3,2,11.6
1625097600000,2021,3,3,27.4
1625097600000,2021,3,4,14.8
1625097600000,2021,3,5,14.6
1625097600000,2021,3,6,13.5
1625097600000,2021,3,7,15.0
1625097600000,2021,3,8,13.0
1625097600000,2021,3,9,11.9
1625097600000,2021,3,10,10.8
1625097600000,2021,3,11,49.6
1625097600000,2021,3,12,26.8
1625097600000,2021,3,13,35.5
1625097600000,2021,3,14,16.9
1625097600000,2021,3,15,28.4
1625097600000,2021,3,16,21.4
1625097600000,2021,3,18,21.8
1633046400000,2021,5,1,24.9
1633046400000,2021,5,2,23.2
1633046400000,2021,5,3,34.3
1633046400000,2021,5,4,25.8
1633046400000,2021,5,5,22.7
1633046400000,2021,5,6,19.6
1633046400000,2021,5,7,27.6
1633046400000,2021,5,8,22.3
1633046400000,2021,5,9,22.5
1633046400000,2021,5,10,21.8
1633046400000,2021,5,11,49.6
1633046400000,2021,5,12,30.9
1633046400000,2021,5,13,44.3
1633046400000,2021,5,14,23.6
1633046400000,2021,5,15,27.7
1633046400000,2021,5,16,28.1
1633046400000,2021,5,18,28.2
1640995200000,2022,1,1,35.3
1640995200000,2022,1,2,36.8
1640995200000,2022,1,3,45.5
1640995200000,2022,1,4,33.6
1640995200000,2022,1,5,31.4
1640995200000,2022,1,6,47.0
1640995200000,2022,1,7,40.2
1640995200000,2022,1,8,39.2
1640995200000,2022,1,9,37.5
1640995200000,2022,1,10,33.3
1640995200000,2022,1,11,43.5
1640995200000,2022,1,12,41.1
1640995200000,2022,1,13,58.6
1640995200000,2022,1,14,30.1
1640995200000,2022,1,15,38.9
1640995200000,2022,1,16,50.8
1640995200000,2022,1,18,39.8
1648771200000,2022,2,1,42.0
1648771200000,2022,2,2,38.4
1648771200000,2022,2,3,46.6
1648771200000,2022,2,4,36.4
1648771200000,2022,2,5,33.4
1648771200000,2022,2,6,57.6
1648771200000,2022,2,7,42.9
1648771200000,2022,2,8,37.1
1648771200000,2022,2,9,39.6
1648771200000,2022,2,10,35.4
1648771200000,2022,2,11,45.1
1648771200000,2022,2,12,42.6
1648771200000,2022,2,13,55.2
1648771200000,2022,2,14,38.5
1648771200000,2022,2,15,35.2
1648771200000,2022,2,16,44.0
1648771200000,2022,2,18,43.6
1656633600000,2022,3,1,45.0
1656633600000,2022,3,2,41.0
1656633600000,2022,3,3,47.1
1656633600000,2022,3,4,37.9
1656633600000,2022,3,5,34.2
1656633600000,2022,3,6,60.0
1656633600000,2022,3,7,45.5
1656633600000,2022,3,8,36.7
1656633600000,2022,3,9,43.7
1656633600000,2022,3,10,41.5
1656633600000,2022,3,11,46.6
1656633600000,2022,3,12,44.7
1656633600000,2022,3,13,55.9
1656633600000,2022,3,14,44.3
1656633600000,2022,3,15,36.3
1656633600000,2022,3,16,48.0
1656633600000,2022,3,18,46.6
1664582400000,2022,5,1,48.3
1664582400000,2022,5,2,32.5
1664582400000,2022,5,3,46.4
1664582400000,2022,5,4,40.1
1664582400000,2022,5,5,38.7
1664582400000,2022,5,6,46.1
1664582400000,2022,5,7,54.8
1664582400000,2022,5,8,42.0
1664582400000,2022,5,9,44.1
1664582400000,2022,5,10,45.2
1664582400000,2022,5,11,57.4
1664582400000,2022,5,12,53.7
1664582400000,2022,5,13,55.3
1664582400000,2022,5,14,49.0
1664582400000,2022,5,15,35.3
1664582400000,2022,5,16,51.2
1664582400000,2022,5,18,46.7
1672531200000,2023,1,1,45.9
1672531200000,2023,1,2,42.5
1672531200000,2023,1,3,43.3
1672531200000,2023,1,4,43.4
1672531200000,2023,1,5,37.3
1672531200000,2023,1,6,70.0
1672531200000,2023,1,7,43.4
1672531200000,2023,1,8,43.6
1672531200000,2023,1,9,47.0
1672531200000,2023,1,10,46.2
1672531200000,2023,1,11,41.6
1672531200000,2023,1,12,47.2
1672531200000,2023,1,13,44.9
1672531200000,2023,1,14,58.1
1672531200000,2023,1,15,30.9
1672531200000,2023,1,16,54.4
1672531200000,2023,1,18,50.1
1680307200000,2023,2,1,47.4
1680307200000,2023,2,2,41.5
1680307200000,2023,2,3,41.9
1680307200000,2023,2,4,41.9
1680307200000,2023,2,5,36.8
1680307200000,2023,2,6,72.9
1680307200000,2023,2,7,44.0
1680307200000,2023,2,8,40.2
1680307200000,2023,2,9,49.2
1680307200000,2023,2,10,46.3
1680307200000,2023,2,11,41.9
1680307200000,2023,2,12,47.1
1680307200000,2023,2,13,44.5
1680307200000,2023,2,14,57.3
1680307200000,2023,2,15,31.2
1680307200000,2023,2,16,54.0
1680307200000,2023,2,18,50.5
1688169600000,2023,3,1,49.6
1688169600000,2023,3,2,42.0
1688169600000,2023,3,3,41.9
1688169600000,2023,3,4,43.1
1688169600000,2023,3,5,39.5
1688169600000,2023,3,6,73.3
1688169600000,2023,3,7,45.2
1688169600000,2023,3,8,40.2
1688169600000,2023,3,9,50.9
1688169600000,2023,3,10,48.3
1688169600000,2023,3,11,43.8
1688169600000,2023,3,12,49.2
1688169600000,2023,3,13,43.7
1688169600000,2023,3,14,57.5
1688169600000,2023,3,15,32.8
1688169600000,2023,3,16,53.7
1688169600000,2023,3,18,51.6
1696118400000,2023,5,1,50.7
1696118400000,2023,5,2,43.4
1696118400000,2023,5,3,41.2
1696118400000,2023,5,4,44.7
1696118400000,2023,5,5,41.0
1696118400000,2023,5,6,74.1
1696118400000,2023,5,7,47.3
1696118400000,2023,5,8,42.2
1696118400000,2023,5,9,52.9
1696118400000,2023,5,10,49.0
1696118400000,2023,5,11,46.0
1696118400000,2023,5,12,49.9
1696118400000,2023,5,13,44.8
1696118400000,2023,5,14,59.1
1696118400000,2023,5,15,33.3
1696118400000,2023,5,16,55.0
1696118400000,2023,5,18,52.9
1704067200000,2024,1,1,46.6
1704067200000,2024,1,2,47.1
1704067200000,2024,1,3,45.2
1704067200000,2024,1,4,44.7
1704067200000,2024,1,5,39.3
1704067200000,2024,1,6,73.0
1704067200000,2024,1,7,46.4
1704067200000,2024,1,8,43.3
1704067200000,2024,1,9,53.2
1704067200000,2024,1,10,52.2
1704067200000,2024,1,11,42.7
1704067200000,2024,1,12,47.0
1704067200000,2024,1,13,41.3
1704067200000,2024,1,14,61.1
1704067200000,2024,1,15,32.2
1704067200000,2024,1,16,56.0
1704067200000,2024,1,18,52.6
1711929600000,2024,2,1,49.2
1711929600000,2024,2,2,44.8
1711929600000,2024,2,3,43.6
1711929600000,2024,2,4,42.9
1711929600000,2024,2,5,37.8
1711929600000,2024,2,6,74.6
1711929600000,2024,2,7,44.7
1711929600000,2024,2,8,40.8
1711929600000,2024,2,9,53.5
1711929600000,2024,2,10,50.0
1711929600000,2024,2,11,43.2
1711929600000,2024,2,12,47.7
1711929600000,2024,2,13,44.7
1711929600000,2024,2,14,60.3
1711929600000,2024,2,15,32.4
1711929600000,2024,2,16,55.4
1711929600000,2024,2,18,52.6
1719792000000,2024,3,1,51.5
1719792000000,2024,3,2,46.2
1719792000000,2024,3,3,45.3
1719792000000,2024,3,4,44.0
1719792000000,2024,3,5,41.0
1719792000000,2024,3,6,75.3
1719792000000,2024,3,7,45.9
1719792000000,2024,3,8,40.6
1719792000000,2024,3,9,55.6
1719792000000,2024,3,10,52.4
1719792000000,2024,3,11,47.2
1719792000000,2024,3,12,50.8
1719792000000,2024,3,13,47.6
1719792000000,2024,3,14,61.2
1719792000000,2024,3,15,35.0
1719792000000,2024,3,16,55.7
1719792000000,2024,3,18,54.4
1727740800000,2024,5,1,52.3
1727740800000,2024,5,2,46.6
1727740800000,2024,5,3,43.2
1727740800000,2024,5,4,45.4
1727740800000,2024,5,5,42.2
1727740800000,2024,5,6,75.6
1727740800000,2024,5,7,46.9
1727740800000,2024,5,8,41.0
1727740800000,2024,5,9,56.8
1727740800000,2024,5,10,51.6
1727740800000,2024,5,11,47.7
1727740800000,2024,5,12,51.6
1727740800000,2024,5,13,46.3
1727740800000,2024,5,14,62.6
1727740800000,2024,5,15,37.0
1727740800000,2024,5,16,56.5
1727740800000,2024,5,18,54.9
1735689600000,2025,1,1,48.0
1735689600000,2025,1,2,49.1
1735689600000,2025,1,3,38.3
1735689600000,2025,1,4,41.0
1735689600000,2025,1,5,38.3
1735689600000,2025,1,6,73.6
1735689600000,2025,1,7,38.7
1735689600000,2025,1,8,35.1
1735689600000,2025,1,9,53.6
1735689600000,2025,1,10,53.8
1735689600000,2025,1,11,40.7
1735689600000,2025,1,12,49.1
1735689600000,2025,1,13,36.7
1735689600000,2025,1,14,61.4
1735689600000,2025,1,15,36.3
1735689600000,2025,1,16,56.7
1735689600000,2025,1,18,52.3
1743465600000,2025,2,1,51.9
1743465600000,2025,2,2,49.7
1743465600000,2025,2,3,41.8
1743465600000,2025,2,4,42.8
1743465600000,2025,2,5,39.9
1743465600000,2025,2,6,75.2
1743465600000,2025,2,7,42.8
1743465600000,2025,2,8,41.5
1743465600000,2025,2,9,54.8
1743465600000,2025,2,10,52.0
1743465600000,2025,2,11,43.8
1743465600000,2025,2,12,50.8
1743465600000,2025,2,13,41.5
1743465600000,2025,2,14,63.6
1743465600000,2025,2,15,38.4
1743465600000,2025,2,16,56.0
1743465600000,2025,2,18,54.1
1751328000000,2025,3,1,53.7
1751328000000,2025,3,2,50.8
1751328000000,2025,3,3,45.6
1751328000000,2025,3,4,44.5
1751328000000,2025,3,5,43.0
1751328000000,2025,3,6,76.2
1751328000000,2025,3,7,45.6
1751328000000,2025,3,8,41.3
1751328000000,2025,3,9,57.6
1751328000000,2025,3,10,54.4
1751328000000,2025,3,11,46.9
1751328000000,2025,3,12,53.6
1751328000000,2025,3,13,46.5
1751328000000,2025,3,14,65.4
1751328000000,2025,3,15,39.2
1751328000000,2025,3,16,55.9
1751328000000,2025,3,18,56.3
1759276800000,2025,5,1,54.2
1759276800000,2025,5,2,50.9
1759276800000,2025,5,3,43.5
1759276800000,2025,5,4,46.1
1759276800000,2025,5,5,44.2
1759276800000,2025,5,6,76.3
1759276800000,2025,5,7,46.4
1759276800000,2025,5,8,41.7
1759276800000,2025,5,9,58.6
1759276800000,2025,5,10,54.1
1759276800000,2025,5,11,47.3
1759276800000,2025,5,12,54.8
1759276800000,2025,5,13,45.6
1759276800000,2025,5,14,66.9
1759276800000,2025,5,15,39.4
1759276800000,2025,5,16,56.0
1759276800000,2025,5,18,56.8
1767225600000,2026,1,1,45.2
1767225600000,2026,1,2,51.9
1767225600000,2026,1,3,33.8
1767225600000,2026,1,4,36.7
1767225600000,2026,1,5,39.0
1767225600000,2026,1,6,70.5
1767225600000,2026,1,7,43.0
1767225600000,2026,1,8,33.5
1767225600000,2026,1,9,55.5
1767225600000,2026,1,10,51.9
1767225600000,2026,1,11,39.0
1767225600000,2026,1,12,50.7
1767225600000,2026,1,13,34.4
1767225600000,2026,1,14,60.7
1767225600000,2026,1,15,30.9
1767225600000,2026,1,16,54.9
1767225600000,2026,1,18,51.5
