date,year,quarter_quarterly,state_id,domestic_hotel_guest,foreigner_hotel_guest,overall_hotel_guest
1514764800000,2018,1,1,1162252,555754,1718006
1514764800000,2018,1,2,676424,429794,1106218
1514764800000,2018,1,3,213828,13360,227188
1514764800000,2018,1,4,717519,352461,1069980
1514764800000,2018,1,5,398568,89187,487755
1514764800000,2018,1,6,2204834,685087,2889922
1514764800000,2018,1,7,658755,56926,715681
1514764800000,2018,1,8,39607,1566,41172
1514764800000,2018,1,9,722453,745296,1467749
1514764800000,2018,1,10,991835,696913,1688748
1514764800000,2018,1,11,934627,121740,1056367
1514764800000,2018,1,12,722116,378080,1100196
1514764800000,2018,1,13,406065,34670,440735
1514764800000,2018,1,14,1762662,2268754,4031416
1514764800000,2018,1,15,111040,26455,137495
1514764800000,2018,1,16,82219,42308,124527
1514764800000,2018,1,18,11804804,6498351,18303154
1514764800000,2018,1,19,9767302,5653242,15420544
1522540800000,2018,2,1,1229255,467060,1696315
1522540800000,2018,2,2,595688,224881,820569
1522540800000,2018,2,3,315585,12466,328051
1522540800000,2018,2,4,730957,373463,1104420
1522540800000,2018,2,5,556981,142273,699254
1522540800000,2018,2,6,2005665,592690,2598355
1522540800000,2018,2,7,731129,94545,825674
1522540800000,2018,2,8,29309,1417,30727
1522540800000,2018,2,9,827855,737649,1565504
1522540800000,2018,2,10,934576,591867,1526443
1522540800000,2018,2,11,1179415,149426,1328841
1522540800000,2018,2,12,565128,372988,938116
1522540800000,2018,2,13,355495,45886,401381
1522540800000,2018,2,14,1358939,1842618,3201557
1522540800000,2018,2,15,157557,24952,182509
1522540800000,2018,2,16,83899,47778,131677
1522540800000,2018,2,18,11657433,5721959,17379393
1522540800000,2018,2,19,9385885,4955714,14341600
1530403200000,2018,3,1,954102,731293,1685395
1530403200000,2018,3,2,527684,535826,1063510
1530403200000,2018,3,3,258703,16726,275429
1530403200000,2018,3,4,681381,434865,1116246
1530403200000,2018,3,5,461538,144384,605922
1530403200000,2018,3,6,1771505,850412,2621917
1530403200000,2018,3,7,463540,68140,531680
1530403200000,2018,3,8,47982,2457,50439
1530403200000,2018,3,9,889626,835144,1724770
1530403200000,2018,3,10,1154141,870415,2024556
1530403200000,2018,3,11,938234,138895,1077129
1530403200000,2018,3,12,603696,415870,1019566
1530403200000,2018,3,13,457342,86937,544279
1530403200000,2018,3,14,2366797,3477809,5844606
1530403200000,2018,3,15,39169,5142,44311
1530403200000,2018,3,16,71610,43237,114847
1530403200000,2018,3,18,11687050,8657552,20344602
1530403200000,2018,3,19,9555506,7643100,17198606
1538352000000,2018,4,1,1657026,861147,2518173
1538352000000,2018,4,2,861349,398843,1260192
1538352000000,2018,4,3,291547,11182,302729
1538352000000,2018,4,4,1229435,394314,1623749
1538352000000,2018,4,5,588029,83435,671464
1538352000000,2018,4,6,2974293,558405,3532698
1538352000000,2018,4,7,760192,71642,831834
1538352000000,2018,4,8,60478,470,60948
1538352000000,2018,4,9,1200056,698402,1898458
1538352000000,2018,4,10,1197826,949169,2146995
1538352000000,2018,4,11,1345980,150451,1496431
1538352000000,2018,4,12,1740281,831423,2571704
1538352000000,2018,4,13,493693,12063,505756
1538352000000,2018,4,14,2531621,4012898,6544519
1538352000000,2018,4,15,135979,33094,169073
1538352000000,2018,4,16,112384,55417,167801
1538352000000,2018,4,18,17299025,9122355,26302524
1538352000000,2018,4,19,14500384,7989641,22490025
1546300800000,2019,1,1,1236552,542310,1778862
1546300800000,2019,1,2,702950,404991,1107941
1546300800000,2019,1,3,217879,11642,229521
1546300800000,2019,1,4,726506,332909,1059415
1546300800000,2019,1,5,432646,87367,520013
1546300800000,2019,1,6,2284993,687289,2972282
1546300800000,2019,1,7,666961,56072,723033
1546300800000,2019,1,8,38018,1393,39411
1546300800000,2019,1,9,695719,687572,1383291
1546300800000,2019,1,10,1008713,706563,1715276
1546300800000,2019,1,11,892516,110646,1003162
1546300800000,2019,1,12,833517,374195,1207712
1546300800000,2019,1,13,379918,32409,412327
1546300800000,2019,1,14,1801032,2124080,3925112
1546300800000,2019,1,15,112991,25686,138677
1546300800000,2019,1,16,80289,40032,120321
1546300800000,2019,1,18,12111200,6225156,18336356
1546300800000,2019,1,19,10096980,5382261,15479241
1554076800000,2019,2,1,1113535,466581,1580116
1554076800000,2019,2,2,582191,237956,820147
1554076800000,2019,2,3,298147,13267,311414
1554076800000,2019,2,4,637212,350353,987565
1554076800000,2019,2,5,507670,144994,652664
1554076800000,2019,2,6,1803285,609869,2413155
1554076800000,2019,2,7,646139,91804,737943
1554076800000,2019,2,8,31335,1482,32818
1554076800000,2019,2,9,772345,764524,1536869
1554076800000,2019,2,10,936472,627459,1563932
1554076800000,2019,2,11,1162591,136369,1298959
1554076800000,2019,2,12,432034,343745,775779
1554076800000,2019,2,13,378553,46755,425308
1554076800000,2019,2,14,1302199,1988384,3290582
1554076800000,2019,2,15,144637,22688,167324
1554076800000,2019,2,16,78137,45621,123758
1554076800000,2019,2,18,10826481,5891851,16718332
1554076800000,2019,2,19,8582781,5105336,13688117
1561939200000,2019,3,1,933609,722991,1656600
1561939200000,2019,3,2,449825,515506,965331
1561939200000,2019,3,3,347222,14471,361693
1561939200000,2019,3,4,711418,429003,1140421
1561939200000,2019,3,5,478015,133484,611499
1561939200000,2019,3,6,1771354,944121,2715475
1561939200000,2019,3,7,567247,79613,646860
1561939200000,2019,3,8,49395,1730,51125
1561939200000,2019,3,9,894506,826846,1721352
1561939200000,2019,3,10,1149176,930047,2079223
1561939200000,2019,3,11,930579,161456,1092035
1561939200000,2019,3,12,607630,415963,1023593
1561939200000,2019,3,13,472431,82608,555040
1561939200000,2019,3,14,2102530,3274734,5374264
1561939200000,2019,3,15,46558,7026,53583
1561939200000,2019,3,16,60586,41898,102484
1561939200000,2019,3,18,11572082,8581497,20153578
1561939200000,2019,3,19,9445769,7482968,16928737
1569888000000,2019,4,1,1736323,816803,2553126
1569888000000,2019,4,2,928086,424762,1352848
1569888000000,2019,4,3,267090,9831,276921
1569888000000,2019,4,4,1193937,353109,1547045
1569888000000,2019,4,5,510504,93694,604197
1569888000000,2019,4,6,3017432,513169,3530601
1569888000000,2019,4,7,743004,65767,808770
1569888000000,2019,4,8,60976,1193,62168
1569888000000,2019,4,9,1178675,569808,1748483
1569888000000,2019,4,10,1134030,793307,1927337
1569888000000,2019,4,11,1321040,131128,1452168
1569888000000,2019,4,12,1675782,732249,2408031
1569888000000,2019,4,13,507524,17552,525076
1569888000000,2019,4,14,2191393,3544422,5735815
1569888000000,2019,4,15,125853,20048,145901
1569888000000,2019,4,16,87908,50947,138855
1569888000000,2019,4,18,16679556,8137787,24817343
1569888000000,2019,4,19,14098634,7193304,21291938
1577836800000,2020,1,1,1230403,415194,1645597
1577836800000,2020,1,2,612420,371965,984385
1577836800000,2020,1,3,105268,3260,108528
1577836800000,2020,1,4,351321,179043,530364
1577836800000,2020,1,5,277099,60580,337679
1577836800000,2020,1,6,2012293,460927,2473220
1577836800000,2020,1,7,402904,52522,455426
1577836800000,2020,1,8,32961,870,33831
1577836800000,2020,1,9,637284,506044,1143328
1577836800000,2020,1,10,706566,457946,1164512
1577836800000,2020,1,11,760738,86320,847058
1577836800000,2020,1,12,633742,260822,894564
1577836800000,2020,1,13,288522,17127,305649
1577836800000,2020,1,14,1470622,1561885,3032507
1577836800000,2020,1,15,98258,14069,112327
1577836800000,2020,1,16,54070,16126,70196
1577836800000,2020,1,18,9674471,4464701,14139172
1577836800000,2020,1,19,8108909,3906365,12015274
1585699200000,2020,2,1,381813,568,382381
1585699200000,2020,2,2,224180,421,224601
1585699200000,2020,2,3,39458,292,39750
1585699200000,2020,2,4,124967,651,125618
1585699200000,2020,2,5,78115,375,78490
1585699200000,2020,2,6,444945,3412,448357
1585699200000,2020,2,7,85300,180,85480
1585699200000,2020,2,8,10495,29,10524
1585699200000,2020,2,9,286203,3939,290142
1585699200000,2020,2,10,96132,8298,104430
1585699200000,2020,2,11,315128,1735,316863
1585699200000,2020,2,12,156742,10533,167275
1585699200000,2020,2,13,116562,284,116846
1585699200000,2020,2,14,310579,5960,316339
1585699200000,2020,2,15,47978,3421,51399
1585699200000,2020,2,16,38305,254,38559
1585699200000,2020,2,18,2756901,40352,2797253
1585699200000,2020,2,19,2297663,26898,2324561
1593561600000,2020,3,1,798424,863,799287
1593561600000,2020,3,2,734150,1805,735955
1593561600000,2020,3,3,311179,664,311843
1593561600000,2020,3,4,479363,385,479748
1593561600000,2020,3,5,455048,1107,456155
1593561600000,2020,3,6,2489778,34168,2523946
1593561600000,2020,3,7,332913,799,333712
1593561600000,2020,3,8,39470,81,39551
1593561600000,2020,3,9,743461,9407,752868
1593561600000,2020,3,10,352592,16502,369094
1593561600000,2020,3,11,750392,5908,756300
1593561600000,2020,3,12,493116,17930,511046
1593561600000,2020,3,13,589298,1397,590695
1593561600000,2020,3,14,1603337,4252,1607589
1593561600000,2020,3,15,63980,2544,66524
1593561600000,2020,3,16,55621,4053,59674
1593561600000,2020,3,18,10292122,101865,10393987
1593561600000,2020,3,19,9125158,76911,9202069
1601510400000,2020,4,1,1061537,1612,1063149
1601510400000,2020,4,2,548161,1391,549552
1601510400000,2020,4,3,100435,304,100739
1601510400000,2020,4,4,307297,343,307640
1601510400000,2020,4,5,170265,4375,174640
1601510400000,2020,4,6,1837415,19065,1856480
1601510400000,2020,4,7,307436,1634,309070
1601510400000,2020,4,8,44391,133,44524
1601510400000,2020,4,9,669106,6905,676011
1601510400000,2020,4,10,156101,3598,159699
1601510400000,2020,4,11,882843,6294,889137
1601510400000,2020,4,12,369404,33333,402737
1601510400000,2020,4,13,330716,988,331704
1601510400000,2020,4,14,1129845,11991,1141836
1601510400000,2020,4,15,41446,1703,43149
1601510400000,2020,4,16,25404,441,25845
1601510400000,2020,4,18,7981802,94110,8075912
1601510400000,2020,4,19,6901412,82515,6983927
1609459200000,2021,1,1,47888,1233,49121
1609459200000,2021,1,2,304820,925,305745
1609459200000,2021,1,3,35523,264,35787
1609459200000,2021,1,4,24386,167,24553
1609459200000,2021,1,5,101264,1406,102670
1609459200000,2021,1,6,623012,2388,625401
1609459200000,2021,1,7,202013,891,202904
1609459200000,2021,1,8,26500,49,26549
1609459200000,2021,1,9,72810,2176,74986
1609459200000,2021,1,10,36715,697,37412
1609459200000,2021,1,11,428640,2057,430697
1609459200000,2021,1,12,101424,7068,108492
1609459200000,2021,1,13,154620,920,155540
1609459200000,2021,1,14,30375,5202,35577
1609459200000,2021,1,15,15161,643,15804
1609459200000,2021,1,16,28008,196,28204
1609459200000,2021,1,18,2233159,26280,2259439
1609459200000,2021,1,19,1752643,22884,1775527
1617235200000,2021,2,1,491206,781,491987
1617235200000,2021,2,2,173870,106,173976
1617235200000,2021,2,3,25514,192,25706
1617235200000,2021,2,4,167718,487,168205
1617235200000,2021,2,5,54946,1248,56194
1617235200000,2021,2,6,433564,1576,435140
1617235200000,2021,2,7,98407,295,98702
1617235200000,2021,2,8,18478,25,18502
1617235200000,2021,2,9,297890,2640,300530
1617235200000,2021,2,10,123801,388,124189
1617235200000,2021,2,11,560014,1384,561397
1617235200000,2021,2,12,218606,13131,231737
1617235200000,2021,2,13,113923,151,114074
1617235200000,2021,2,14,309221,5660,314880
1617235200000,2021,2,15,49559,396,49955
1617235200000,2021,2,16,26951,845,27796
1617235200000,2021,2,18,3163667,29300,3192967
1617235200000,2021,2,19,2430294,27133,2457427
1625097600000,2021,3,1,258587,4154,262741
1625097600000,2021,3,2,74796,249,75045
1625097600000,2021,3,3,119290,410,119700
1625097600000,2021,3,4,55474,6210,61684
1625097600000,2021,3,5,68218,1270,69488
1625097600000,2021,3,6,77464,132,77596
1625097600000,2021,3,7,141039,497,141536
1625097600000,2021,3,8,5326,3,5329
1625097600000,2021,3,9,66634,1178,67812
1625097600000,2021,3,10,144617,314,144931
1625097600000,2021,3,11,884317,1942,886259
1625097600000,2021,3,12,369025,15913,384938
1625097600000,2021,3,13,305432,211,305643
1625097600000,2021,3,14,368799,11863,380662
1625097600000,2021,3,15,31322,119,31441
1625097600000,2021,3,16,21185,127,21312
1625097600000,2021,3,18,2991525,44592,3036117
1625097600000,2021,3,19,1931269,42217,19731486
1633046400000,2021,4,1,1145411,4013,1149424
1633046400000,2021,4,2,992373,6610,998983
1633046400000,2021,4,3,293274,924,294198
1633046400000,2021,4,4,659108,3581,662689
1633046400000,2021,4,5,414221,4587,418808
1633046400000,2021,4,6,777812,3726,781538
1633046400000,2021,4,7,828841,2871,831712
1633046400000,2021,4,8,49062,11,49073
1633046400000,2021,4,9,871863,5196,877059
1633046400000,2021,4,10,950827,1843,952670
1633046400000,2021,4,11,1201753,4084,10205837
1633046400000,2021,4,12,983142,30721,1013863
1633046400000,2021,4,13,648641,395,649036
1633046400000,2021,4,14,1561298,19073,1580371
1633046400000,2021,4,15,50289,845,51134
1633046400000,2021,4,16,55806,275,56081
1633046400000,2021,4,18,11483721,88755,11572476
1633046400000,2021,4,19,9280852,81983,9362835
1640995200000,2022,1,1,928703,14127,942830
1640995200000,2022,1,2,539119,10012,549131
1640995200000,2022,1,3,223797,1300,225097
1640995200000,2022,1,4,506180,4916,511096
1640995200000,2022,1,5,231641,5730,237371
1640995200000,2022,1,6,1293345,5953,1299298
1640995200000,2022,1,7,684330,2810,687140
1640995200000,2022,1,8,55621,451,56072
1640995200000,2022,1,9,605618,13371,618989
1640995200000,2022,1,10,763724,2852,766576
1640995200000,2022,1,11,970337,8177,978514
1640995200000,2022,1,12,591364,62217,653581
1640995200000,2022,1,13,546383,1610,547993
1640995200000,2022,1,14,965970,39725,1005695
1640995200000,2022,1,15,53992,2600,56592
1640995200000,2022,1,16,57038,656,57694
1640995200000,2022,1,18,9017162,176507,9193669
1640995200000,2022,1,19,7229109,162878,7391987
1648771200000,2022,2,1,1612973,481796,2094769
1648771200000,2022,2,2,880626,94360,974986
1648771200000,2022,2,3,367069,7490,374559
1648771200000,2022,2,4,868457,138162,1006619
1648771200000,2022,2,5,493069,20544,513613
1648771200000,2022,2,6,2480323,472440,2952763
1648771200000,2022,2,7,1139335,75119,1214454
1648771200000,2022,2,8,61835,1261,63096
1648771200000,2022,2,9,1162113,221354,1383467
1648771200000,2022,2,10,1342218,101025,1443243
1648771200000,2022,2,11,1574665,82876,1657541
1648771200000,2022,2,12,1421083,400816,1821899
1648771200000,2022,2,13,728283,14861,743144
1648771200000,2022,2,14,2273035,883958,3156993
1648771200000,2022,2,15,97113,8444,105557
1648771200000,2022,2,16,97496,14568,112064
1648771200000,2022,2,18,16599693,3019074,19618767
1648771200000,2022,2,19,13585697,2826729,16412426
1656633600000,2022,3,1,1621192,662177,2283369
1656633600000,2022,3,2,837529,236226,1073755
1656633600000,2022,3,3,365004,15208,380212
1656633600000,2022,3,4,907779,160196,1067975
1656633600000,2022,3,5,517241,21551,538792
1656633600000,2022,3,6,2165422,575618,2741040
1656633600000,2022,3,7,1271319,95690,1367009
1656633600000,2022,3,8,65541,1337,66878
1656633600000,2022,3,9,1214546,472323,1686869
1656633600000,2022,3,10,1414642,211383,1626025
1656633600000,2022,3,11,1669382,206328,1875710
1656633600000,2022,3,12,1553971,545989,2099960
1656633600000,2022,3,13,797489,50903,848392
1656633600000,2022,3,14,2406983,1413625,3820608
1656633600000,2022,3,15,109853,9552,119405
1656633600000,2022,3,16,126353,17229,143582
1656633600000,2022,3,18,17044246,4695335,21739581
1656633600000,2022,3,19,13850369,4268072,18118441
1664582400000,2022,4,1,1567252,881578,2448830
1664582400000,2022,4,2,957097,248843,1205940
1664582400000,2022,4,3,311339,12972,324311
1664582400000,2022,4,4,993213,232975,1226188
1664582400000,2022,4,5,645861,41224,687085
1664582400000,2022,4,6,2390865,635545,3026410
1664582400000,2022,4,7,1292036,159688,1451724
1664582400000,2022,4,8,81474,1661,83135
1664582400000,2022,4,9,1345531,549582,1895113
1664582400000,2022,4,10,1211391,361844,1573235
1664582400000,2022,4,11,1461754,320872,1782626
1664582400000,2022,4,12,1603742,563476,2167218
1664582400000,2022,4,13,629697,19473,649170
1664582400000,2022,4,14,2684483,1943936,4628419
1664582400000,2022,4,15,93861,10429,104290
1664582400000,2022,4,16,117947,24157,142104
1664582400000,2022,4,18,17387543,6008255,23395798
1664582400000,2022,4,19,14620537,5315110,19935647
1672531200000,2023,1,1,1686541,475689,2162230
1672531200000,2023,1,2,687424,332299,1019723
1672531200000,2023,1,3,344696,14361,359057
1672531200000,2023,1,4,863000,324965,1187965
1672531200000,2023,1,5,509964,56661,566625
1672531200000,2023,1,6,2620635,645354,3265989
1672531200000,2023,1,7,1053223,130171,1183394
1672531200000,2023,1,8,79377,1619,80996
1672531200000,2023,1,9,1162653,408498,1571151
1672531200000,2023,1,10,1114466,500701,1615167
1672531200000,2023,1,11,1248604,237828,1486432
1672531200000,2023,1,12,1505986,560848,2066834
1672531200000,2023,1,13,646793,26948,673741
1672531200000,2023,1,14,2615280,1817398,4432678
1672531200000,2023,1,15,85738,10596,96334
1672531200000,2023,1,16,120234,28203,148437
1672531200000,2023,1,18,16344614,5572139,21916753
1672531200000,2023,1,19,13895806,4823014,18718820
1680307200000,2023,2,1,1352916,940162,2293078
1680307200000,2023,2,2,669670,329838,999508
1680307200000,2023,2,3,318261,16751,335012
1680307200000,2023,2,4,701201,403538,1104739
1680307200000,2023,2,5,465964,85473,551435
1680307200000,2023,2,6,2575087,858362,3433449
1680307200000,2023,2,7,1040023,146315,1186338
1680307200000,2023,2,8,66657,1709,68366
1680307200000,2023,2,9,1008259,700654,1708913
1680307200000,2023,2,10,965960,543353,1509313
1680307200000,2023,2,11,1216819,283574,1500393
1680307200000,2023,2,12,1409429,567979,1977407
1680307200000,2023,2,13,620780,32673,653453
1680307200000,2023,2,14,2001492,2257002,4258494
1680307200000,2023,2,15,84189,13705,97895
1680307200000,2023,2,16,106815,28394,135209
1680307200000,2023,2,18,14603521,7209480,21813001
1680307200000,2023,2,19,12336553,6368848,18705401
1688169600000,2023,3,1,1468490,1063390,2531880
1688169600000,2023,3,2,648135,414381,1062517
1688169600000,2023,3,3,352478,16134,368612
1688169600000,2023,3,4,885239,379388,1264628
1688169600000,2023,3,5,561867,91859,653726
1688169600000,2023,3,6,2519131,795515,3314646
1688169600000,2023,3,7,1159092,144422,1303513
1688169600000,2023,3,8,78890,1591,80481
1688169600000,2023,3,9,1148589,743249,1891837
1688169600000,2023,3,10,1020429,698629,1719058
1688169600000,2023,3,11,1389925,326032,1715957
1688169600000,2023,3,12,1545568,859047,2404616
1688169600000,2023,3,13,502,111021,613156
1688169600000,2023,3,14,2250191,2271197,4521388
1688169600000,2023,3,15,327410,37299,364709
1688169600000,2023,3,16,127546,45450,172996
1688169600000,2023,3,18,15985116,7998604,23983720
1688169600000,2023,3,19,13247351,6936644,20183996
1696118400000,2023,4,1,1548017,1052408,2600425
1696118400000,2023,4,2,756718,485233,1241951
1696118400000,2023,4,3,328518,12027,340545
1696118400000,2023,4,4,913804,430739,1344544
1696118400000,2023,4,5,559280,106379,665659
1696118400000,2023,4,6,2507523,913366,3420889
1696118400000,2023,4,7,1021779,446758,1468537
1696118400000,2023,4,8,92429,1811,94240
1696118400000,2023,4,9,1476066,624558,2100625
1696118400000,2023,4,10,1388906,478538,1867444
1696118400000,2023,4,11,1547236,370762,1917998
1696118400000,2023,4,12,1524071,799294,2323365
1696118400000,2023,4,13,609200,35685,644885
1696118400000,2023,4,14,2845726,2356183,5201909
1696118400000,2023,4,15,93746,15475,109221
1696118400000,2023,4,16,153507,49579,203086
1696118400000,2023,4,18,17366525,8178797,25545322
1696118400000,2023,4,19,14336638,7314021,21650659
1704067200000,2024,1,1,1787096,543599,2330695
1704067200000,2024,1,2,871220,601343,1472563
1704067200000,2024,1,3,356257,61602,417859
1704067200000,2024,1,4,880011,350663,1227152
1704067200000,2024,1,5,454954,116027,570980
1704067200000,2024,1,6,2970851,566838,3537689
1704067200000,2024,1,7,1030351,220423,1250774
1704067200000,2024,1,8,82466,3105,85571
1704067200000,2024,1,9,1149860,753712,1903572
1704067200000,2024,1,10,1048233,884644,1932877
1704067200000,2024,1,11,1195390,389942,1585332
1704067200000,2024,1,12,1369054,861907,2230961
1704067200000,2024,1,13,544285,71293,615578
1704067200000,2024,1,14,2321780,2814798,5136578
1704067200000,2024,1,15,85989,13771,99760
1704067200000,2024,1,16,122539,68974,191513
1704067200000,2024,1,18,16270336,8319118,24589454
1704067200000,2024,1,19,13940724,7030761,20971485
1711929600000,2024,2,1,1949240,703325,2652565
1711929600000,2024,2,2,811168,472334,1283502
1711929600000,2024,2,3,348390,12218,360608
1711929600000,2024,2,4,822994,332472,1155466
1711929600000,2024,2,5,432438,99684,532122
1711929600000,2024,2,6,2952048,788905,3740953
1711929600000,2024,2,7,970680,185744,1156424
1711929600000,2024,2,8,73734,2067,75801
1711929600000,2024,2,9,1238752,678246,1916998
1711929600000,2024,2,10,942156,833023,1775179
1711929600000,2024,2,11,1252668,388026,1640694
1711929600000,2024,2,12,1443563,710533,2154096
1711929600000,2024,2,13,665496,69467,734963
1711929600000,2024,2,14,2113032,2979677,5092709
1711929600000,2024,2,15,92977,9604,102581
1711929600000,2024,2,16,137273,50580,187853
1711929600000,2024,2,18,16246609,8315905,24562514
1711929600000,2024,2,19,13958808,7085252,21044060
1719792000000,2024,3,1,1983959,787349,2771308
1719792000000,2024,3,2,816735,470850,1287585
1719792000000,2024,3,3,401863,16646,418509
1719792000000,2024,3,4,893799,393045,1286844
1719792000000,2024,3,5,589707,137325,727032
1719792000000,2024,3,6,2962437,766927,3729364
1719792000000,2024,3,7,1155520,221126,1376646
1719792000000,2024,3,8,75859,1871,77730
1719792000000,2024,3,9,1345049,820060,2165109
1719792000000,2024,3,10,1089467,938796,2028263
1719792000000,2024,3,11,1703331,394239,2097570
1719792000000,2024,3,12,1584797,957095,2541892
1719792000000,2024,3,13,698746,97826,796572
1719792000000,2024,3,14,2279963,3259194,5539157
1719792000000,2024,3,15,114636,12737,127373
1719792000000,2024,3,16,140546,51013,191559
1719792000000,2024,3,18,17836414,9326099,27162513
1719792000000,2024,3,19,14928980,7980327,22909307
1727740800000,2024,4,1,1673973,969269,2643242
1727740800000,2024,4,2,738241,440536,1178777
1727740800000,2024,4,3,282942,11786,294728
1727740800000,2024,4,4,795538,443866,1239404
1727740800000,2024,4,5,593957,106680,700637
1727740800000,2024,4,6,2665320,809188,3474508
1727740800000,2024,4,7,1029952,343318,1373270
1727740800000,2024,4,8,81384,1524,82908
1727740800000,2024,4,9,1502923,748470,2251393
1727740800000,2024,4,10,1177240,479510,1656750
1727740800000,2024,4,11,1588569,272906,1861475
1727740800000,2024,4,12,1734063,820374,2554437
1727740800000,2024,4,13,503991,42993,546984
1727740800000,2024,4,14,3066307,3075771,6142078
1727740800000,2024,4,15,106183,15866,122049
1727740800000,2024,4,16,155469,51026,206495
1727740800000,2024,4,18,17696052,8633083,26329135
1727740800000,2024,4,19,14824060,7864801,22688861
1735689600000,2025,1,1,1907604,671716,2579320
1735689600000,2025,1,2,879742,608214,1487956
1735689600000,2025,1,3,335153,18735,353888
1735689600000,2025,1,4,795314,434410,1229724
1735689600000,2025,1,5,455413,123436,578849
1735689600000,2025,1,6,2794296,750185,3544481
1735689600000,2025,1,7,1029130,235131,1264261
1735689600000,2025,1,8,82885,2952,85837
1735689600000,2025,1,9,1283470,813375,2096845
1735689600000,2025,1,10,1082021,873862,1955883
1735689600000,2025,1,11,1197673,322741,1520414
1735689600000,2025,1,12,1528770,837435,2366205
1735689600000,2025,1,13,501351,74848,576199
1735689600000,2025,1,14,2208370,2963404,5171774
1735689600000,2025,1,15,98667,14991,113658
1735689600000,2025,1,16,139542,59246,198788
1735689600000,2025,1,18,16319401,8804681,25124082
1735689600000,2025,1,19,13941040,7593087,21534127
1743465600000,2025,2,1,1801662,904191,2705853
1743465600000,2025,2,2,808943,483050,1291993
1743465600000,2025,2,3,375556,14509,390065
1743465600000,2025,2,4,865256,382085,1247341
1743465600000,2025,2,5,482419,113992,596411
1743465600000,2025,2,6,2177489,789228,2966717
1743465600000,2025,2,7,1074979,200520,1275499
1743465600000,2025,2,8,82986,1923,84909
1743465600000,2025,2,9,1082490,969070,2051560
1743465600000,2025,2,10,982088,724798,1706886
1743465600000,2025,2,11,1432651,291175,1723826
1743465600000,2025,2,12,1503926,859017,2362943
1743465600000,2025,2,13,662095,72391,734486
1743465600000,2025,2,14,2569476,3104459,5673935
1743465600000,2025,2,15,106966,11885,118851
1743465600000,2025,2,16,139679,56193,195872
1743465600000,2025,2,18,16148661,8978486,25127147
1743465600000,2025,2,19,13626956,7950628,21577584
1751328000000,2025,3,1,1968608,805457,2774065
1751328000000,2025,3,2,790389,513763,1304152
1751328000000,2025,3,3,403496,17458,420954
1751328000000,2025,3,4,910661,415986,1326647
1751328000000,2025,3,5,560211,131099,691310
1751328000000,2025,3,6,2865061,794065,3659126
1751328000000,2025,3,7,1188105,230658,1418763
1751328000000,2025,3,8,78873,1800,80673
1751328000000,2025,3,9,1440793,848311,2289104
1751328000000,2025,3,10,1139165,961885,2101050
1751328000000,2025,3,11,1570339,353542,1923881
1751328000000,2025,3,12,1640543,972273,2612816
1751328000000,2025,3,13,725292,98416,823708
1751328000000,2025,3,14,2329764,3563079,5892843
1751328000000,2025,3,15,117568,11659,129227
1751328000000,2025,3,16,137126,55170,192296
1751328000000,2025,3,18,17865994,9774621,27640615
1751328000000,2025,3,19,15038922,8447535,23486457
1759276800000,2025,4,1,1854364,906351,2760715
1759276800000,2025,4,2,841403,520998,1362401
1759276800000,2025,4,3,287215,13815,301030
1759276800000,2025,4,4,922134,445882,1368016
1759276800000,2025,4,5,634503,135036,769539
1759276800000,2025,4,6,2751510,732478,3483988
1759276800000,2025,4,7,1038111,306991,1345102
1759276800000,2025,4,8,84371,1787,86158
1759276800000,2025,4,9,1588103,872294,2460397
1759276800000,2025,4,10,1319964,493716,1813680
1759276800000,2025,4,11,1572881,258531,1831412
1759276800000,2025,4,12,1747464,899692,2647156
1759276800000,2025,4,13,532976,33182,566158
1759276800000,2025,4,14,3108861,3784761,6893622
1759276800000,2025,4,15,101816,16735,118551
1759276800000,2025,4,16,156929,48506,205435
1759276800000,2025,4,18,18542605,9470755,28013360
1759276800000,2025,4,19,15547944,8701773,24249717
1767225600000,2026,1,1,1671116,619148,2290264
1767225600000,2026,1,2,663448,655094,1318542
1767225600000,2026,1,3,322083,13271,335354
1767225600000,2026,1,4,796162,412121,1208283
1767225600000,2026,1,5,509812,121795,631607
1767225600000,2026,1,6,2106030,649698,2755728
1767225600000,2026,1,7,1052266,243130,1295396
1767225600000,2026,1,8,79844,2055,81899
1767225600000,2026,1,9,1205594,967742,2173336
1767225600000,2026,1,10,1033898,689242,1723140
1767225600000,2026,1,11,1168961,259166,1428127
1767225600000,2026,1,12,1427371,1051718,2479089
1767225600000,2026,1,13,479266,75676,554942
1767225600000,2026,1,14,2267764,3006280,5274044
1767225600000,2026,1,15,80551,21053,101604
1767225600000,2026,1,16,149806,43476,193282
1767225600000,2026,1,18,15013972,8830665,23844637
1767225600000,2026,1,19,12730562,7861204,20591766
